Symbol,現價,DPI,5D_DPI,Edge,防禦價,位階,戰術,板塊
AAP,57.87,76.48,67.03,-68.05,53.0,牛勢,⏳ 觀望,消費
AAPX,27.89,67.24,0.0,-46.24,28.0,牛勢,⏳ 觀望,指數基金
AARD,5.35,60.92,62.58,-122.43,5.0,牛勢,⏳ 觀望,醫療
AAT,21.19,69.62,62.01,-23.4,22.5,牛勢,⏳ 觀望,房地產
AAXJ,106.52,74.91,70.43,-18.54,106.0,逆轉,⏳ 觀望,指數基金
ABCB,85.17,62.02,71.66,-24.49,100.0,逆轉,⏳ 觀望,金融
ABCL,4.18,68.88,62.41,-72.71,3.0,牛勢,⏳ 觀望,醫療
ABEO,5.35,61.35,64.39,-55.8,4.0,牛勢,⏳ 觀望,醫療
ABEV,2.89,54.61,64.47,-26.2,2.0,反彈,⏳ 觀望,Consumer Defensive
ABM,40.13,62.65,69.13,-28.09,35.0,逆轉,⏳ 觀望,工業
ACA,120.41,61.11,71.15,-34.43,90.0,牛勢,⏳ 觀望,工業
ACES,35.42,66.0,46.19,-31.99,30.0,逆轉,⏳ 觀望,指數基金
ACI,16.58,60.34,43.82,-27.71,15.0,反彈,⏳ 觀望,Consumer Defensive
ACIO,44.76,30.56,62.81,-8.59,44.0,反彈,⏳ 觀望,指數基金
ACIW,43.39,74.08,76.28,-32.84,40.0,逆轉,⏳ 觀望,科技
ACM,81.99,71.92,59.31,-29.37,80.0,止跌回升,⏳ 觀望,工業
ACNT,14.09,74.97,0.0,-35.18,15.0,牛勢,⏳ 觀望,Basic Materials
ACRS,4.58,62.98,49.51,-85.7,4.0,牛勢,⏳ 觀望,醫療
ACT,43.85,60.81,0.0,-21.65,30.0,逆轉,⏳ 觀望,金融
ACWV,121.16,59.67,76.27,-7.97,110.0,止跌回升,⏳ 觀望,指數基金
AD,48.06,77.96,0.0,-29.96,26.75,反彈,⏳ 觀望,通訊
ADAM,8.06,73.31,62.11,-29.52,2.5,逆轉,⏳ 觀望,房地產
ADNT,21.63,67.37,48.38,-47.35,17.5,逆轉,⏳ 觀望,消費
ADT,7.22,56.26,61.67,-26.05,7.0,逆轉,⏳ 觀望,工業
ADUR,12.36,57.0,61.93,-85.27,10.0,牛勢,⏳ 觀望,工業
AEG,8.04,68.03,56.22,-24.79,5.0,牛勢,⏳ 觀望,金融
AEP,135.07,65.7,57.85,-17.19,120.0,逆轉,⏳ 觀望,公用事業
AETH,34.09,97.12,0.0,-50.33,36.0,止跌回升,⏳ 觀望,指數基金
AFK,27.1,26.21,74.78,-24.37,25.0,逆轉,⏳ 觀望,指數基金
AFL,114.69,61.59,60.82,-17.01,90.0,反彈,⏳ 觀望,金融
AGM,175.44,70.84,0.0,-32.06,175.0,牛勢,⏳ 觀望,金融
AGO,83.0,65.15,68.58,-18.2,105.0,反彈,⏳ 觀望,金融
AGX,660.87,64.33,58.65,-69.56,480.0,牛勢,⏳ 觀望,工業
AHR,50.1,73.34,62.54,-23.55,80.0,逆轉,⏳ 觀望,房地產
AIA,123.84,46.78,60.04,-23.57,100.0,牛勢,⏳ 觀望,指數基金
AIFD,46.6,60.94,0.0,-24.39,25.0,牛勢,⏳ 觀望,指數基金
AIRJ,3.2,48.15,67.98,-74.21,3.0,牛勢,⏳ 觀望,工業
AIRR,125.62,62.31,53.48,-24.48,115.0,逆轉,⏳ 觀望,指數基金
AIVC,87.58,69.25,0.0,-27.49,65.0,牛勢,⏳ 觀望,指數基金
AKAM,95.91,84.64,64.45,-43.92,90.0,逆轉,⏳ 觀望,科技
ALAB,196.21,60.75,57.49,-89.18,187.5,牛勢,⏳ 觀望,科技
ALG,172.08,76.99,0.0,-31.87,145.0,反彈,⏳ 觀望,工業
ALGM,43.49,69.72,67.38,-50.13,37.5,牛勢,⏳ 觀望,科技
ALGN,184.35,44.17,66.19,-58.36,175.0,逆轉,⏳ 觀望,醫療
ALGT,79.4,73.99,67.53,-61.02,75.0,反彈,⏳ 觀望,工業
ALKS,33.71,65.6,53.03,-38.84,35.0,牛勢,⏳ 觀望,醫療
ALL,214.26,70.44,67.59,-22.64,210.0,逆轉,⏳ 觀望,金融
ALLE,148.4,66.41,58.51,-24.14,145.0,止跌回升,⏳ 觀望,工業
ALLW,29.78,76.61,50.69,-10.02,25.0,反彈,⏳ 觀望,指數基金
ALNT,74.2,60.28,44.63,-49.76,70.0,牛勢,⏳ 觀望,科技
ALRM,44.86,68.12,54.18,-28.72,45.0,逆轉,⏳ 觀望,科技
ALSN,133.65,79.02,62.77,-25.82,105.0,牛勢,⏳ 觀望,消費
ALT,2.8,60.86,58.21,-107.22,7.5,止跌回升,⏳ 觀望,醫療
ALV,116.95,79.83,82.38,-25.17,110.0,逆轉,⏳ 觀望,消費
AM,21.65,70.32,58.12,-20.51,18.0,逆轉,⏳ 觀望,能源
AMCR,39.0,50.13,65.64,-29.44,40.0,止跌回升,⏳ 觀望,消費
AMGN,340.14,72.14,64.09,-27.15,330.0,止跌回升,⏳ 觀望,醫療
AMLP,52.01,59.51,61.81,-11.58,47.0,反彈,⏳ 觀望,指數基金
AMLX,16.85,69.07,59.78,-66.72,14.0,牛勢,⏳ 觀望,醫療
AMN,21.01,76.12,70.21,-56.77,15.0,牛勢,⏳ 觀望,醫療
AMOM,53.79,62.88,0.0,-20.58,54.0,牛勢,⏳ 觀望,指數基金
AMP,478.15,76.85,62.26,-24.85,450.0,逆轉,⏳ 觀望,金融
AMPH,21.66,74.47,70.38,-49.4,7.5,牛勢,⏳ 觀望,醫療
AMR,195.45,71.81,74.11,-58.75,160.0,牛勢,⏳ 觀望,Basic Materials
AMRX,12.56,52.07,61.61,-31.18,7.5,反彈,⏳ 觀望,醫療
AMSC,49.77,68.01,67.86,-84.93,48.0,牛勢,⏳ 觀望,工業
AMTM,26.3,61.77,66.38,-43.97,27.5,反彈,⏳ 觀望,工業
AMWD,45.31,76.95,0.0,-46.7,40.0,牛勢,⏳ 觀望,消費
AMZA,45.68,32.83,81.25,-18.14,44.0,逆轉,⏳ 觀望,指數基金
AN,203.9,68.51,66.62,-26.22,200.0,逆轉,⏳ 觀望,消費
ANF,86.56,71.73,67.02,-60.0,85.0,反彈,⏳ 觀望,消費
ANGL,29.36,66.41,67.15,-4.3,29.0,止跌回升,⏳ 觀望,指數基金
ANIP,79.42,83.55,61.11,-35.26,70.0,逆轉,⏳ 觀望,醫療
AORT,37.04,70.23,66.62,-41.06,35.0,逆轉,⏳ 觀望,醫療
AOS,64.68,76.62,74.86,-25.11,60.0,止跌回升,⏳ 觀望,工業
AOSL,42.5,61.48,55.58,-65.12,32.5,牛勢,⏳ 觀望,科技
AOUT,9.6,66.03,0.0,-48.67,2.5,牛勢,⏳ 觀望,消費
APA,38.42,66.26,61.96,-45.26,17.5,牛勢,⏳ 觀望,能源
APAM,38.14,59.17,60.54,-24.47,29.43,反彈,⏳ 觀望,金融
APD,302.37,63.62,52.84,-24.45,230.0,逆轉,⏳ 觀望,Basic Materials
APEI,57.02,69.41,58.47,-41.9,45.0,牛勢,⏳ 觀望,Consumer Defensive
APGE,86.51,61.45,62.23,-57.65,80.0,牛勢,⏳ 觀望,醫療
APLD,33.7,60.87,59.29,-111.56,34.0,牛勢,⏳ 觀望,科技
APLE,13.36,40.7,62.24,-22.04,10.0,逆轉,⏳ 觀望,Real Estate
APO,123.32,76.68,75.12,-35.62,105.0,牛勢,⏳ 觀望,金融
APPF,169.91,71.29,71.03,-39.84,145.0,牛勢,⏳ 觀望,科技
APTV,60.27,61.2,58.85,-34.96,70.0,反彈,⏳ 觀望,消費
ARCB,126.63,65.23,51.83,-48.83,60.0,牛勢,⏳ 觀望,工業
ARCC,18.63,62.73,63.91,-18.45,18.0,反彈,⏳ 觀望,金融
ARE,44.53,63.8,55.91,-43.22,60.0,逆轉,⏳ 觀望,Real Estate
AREC,2.2,70.38,57.85,-132.58,0.5,逆轉,⏳ 觀望,原物料
ARES,112.2,68.77,61.87,-40.14,115.0,牛勢,⏳ 觀望,金融
ARKK,76.5,44.95,65.91,-36.49,79.0,牛勢,⏳ 觀望,指數基金
ARKQ,130.05,64.88,60.93,-31.27,132.0,牛勢,⏳ 觀望,指數基金
ARLO,14.22,77.16,63.79,-50.8,13.0,牛勢,⏳ 觀望,工業
ARMG,18.3,57.51,60.15,-107.71,20.0,牛勢,⏳ 觀望,指數基金
ARMH,0.0,64.06,0.0,-53.37,55.0,牛勢,⏳ 觀望,指數基金
ARQQ,14.62,64.54,53.12,-106.11,12.5,牛勢,⏳ 觀望,科技
ARRY,7.98,63.2,58.15,-89.24,5.0,牛勢,⏳ 觀望,科技
ARWR,73.56,61.9,69.83,-63.27,57.5,牛勢,⏳ 觀望,醫療
ASH,57.68,75.32,68.11,-35.38,50.0,牛勢,⏳ 觀望,Basic Materials
ASHR,34.75,69.97,66.65,-16.34,31.0,反彈,⏳ 觀望,指數基金
ASIX,23.66,60.45,44.0,-44.91,12.5,牛勢,⏳ 觀望,原物料
ASO,56.52,79.19,72.09,-45.36,53.0,逆轉,⏳ 觀望,消費
ASR,308.18,62.6,0.0,-25.22,340.0,止跌回升,⏳ 觀望,工業
ASTE,58.73,73.87,0.0,-36.0,45.0,牛勢,⏳ 觀望,工業
ATHM,18.45,67.95,61.98,-26.02,17.5,反彈,⏳ 觀望,通訊
ATMU,62.61,69.99,46.44,-29.11,57.5,逆轉,⏳ 觀望,消費
ATO,185.6,82.02,75.67,-15.12,180.0,逆轉,⏳ 觀望,公用事業
ATRC,29.05,55.01,62.12,-45.67,30.0,反彈,⏳ 觀望,醫療
ATRO,73.37,53.89,62.05,-52.97,70.0,逆轉,⏳ 觀望,工業
AUB,37.36,73.83,66.76,-29.37,25.0,逆轉,⏳ 觀望,金融
AUR,5.02,61.58,63.86,-59.06,4.0,牛勢,⏳ 觀望,科技
AURA,6.95,78.74,63.55,-57.68,5.0,牛勢,⏳ 觀望,醫療
AVAV,195.16,63.48,62.38,-68.18,195.0,逆轉,⏳ 觀望,工業
AVDE,91.1,51.44,68.37,-13.59,78.0,反彈,⏳ 觀望,指數基金
AVDV,104.57,59.92,63.07,-14.7,94.0,逆轉,⏳ 觀望,指數基金
AVEM,89.5,60.38,62.53,-17.84,80.0,逆轉,⏳ 觀望,指數基金
AVGE,94.79,75.12,96.22,-12.43,73.0,逆轉,⏳ 觀望,指數基金
AVGV,82.0,65.46,0.0,-12.79,79.0,反彈,⏳ 觀望,指數基金
AVIE,59.58,67.11,0.0,-10.1,57.0,反彈,⏳ 觀望,指數基金
AVLV,81.32,85.59,79.52,-12.83,67.0,反彈,⏳ 觀望,指數基金
AVMA,65.0,84.05,0.0,-8.83,56.0,反彈,⏳ 觀望,指數基金
AVMV,71.82,84.02,0.0,-14.69,63.0,反彈,⏳ 觀望,指數基金
AVNM,79.68,68.09,0.0,-13.84,65.0,反彈,⏳ 觀望,指數基金
AVNW,22.62,61.85,36.96,-42.74,22.5,牛勢,⏳ 觀望,科技
AVPT,9.91,61.72,52.12,-43.48,9.0,逆轉,⏳ 觀望,科技
AVRE,43.3,82.86,0.0,-11.73,36.0,反彈,⏳ 觀望,指數基金
AVSU,73.25,66.05,0.0,-13.66,66.0,逆轉,⏳ 觀望,指數基金
AVT,78.64,76.91,75.11,-31.57,49.0,牛勢,⏳ 觀望,科技
AVUS,119.76,65.39,64.85,-12.73,65.0,逆轉,⏳ 觀望,指數基金
AVUV,119.84,65.89,75.34,-18.08,115.0,逆轉,⏳ 觀望,指數基金
AVY,164.95,61.06,69.86,-23.32,165.0,反彈,⏳ 觀望,消費
AWK,132.15,72.86,67.57,-22.24,120.0,逆轉,⏳ 觀望,公用事業
AWR,79.39,63.78,52.83,-20.29,70.0,逆轉,⏳ 觀望,公用事業
AX,98.51,61.76,76.46,-31.06,80.0,牛勢,⏳ 觀望,金融
AXP,318.25,54.07,62.05,-26.53,300.0,逆轉,⏳ 觀望,金融
AYI,291.78,82.05,84.54,-32.17,220.0,逆轉,⏳ 觀望,工業
AZTA,25.15,79.0,78.24,-57.42,15.0,牛勢,⏳ 觀望,醫療
AZZ,144.82,67.0,54.99,-28.54,130.0,牛勢,⏳ 觀望,工業
BAH,76.2,67.46,66.2,-40.8,75.0,止跌回升,⏳ 觀望,工業
BALI,32.73,62.47,74.15,-10.28,35.0,逆轉,⏳ 觀望,指數基金
BALL,61.08,45.7,68.77,-24.84,55.0,逆轉,⏳ 觀望,消費
BAM,46.96,66.79,64.6,-28.47,45.0,逆轉,⏳ 觀望,金融
BANF,113.61,80.61,65.53,-26.87,115.0,逆轉,⏳ 觀望,金融
BANR,67.55,51.59,74.71,-25.47,60.0,逆轉,⏳ 觀望,金融
BATT,16.62,66.13,20.36,-29.17,12.0,牛勢,⏳ 觀望,指數基金
BAX,18.5,66.18,74.47,-46.94,17.5,逆轉,⏳ 觀望,醫療
BBAR,14.9,62.68,62.5,-74.83,14.0,逆轉,⏳ 觀望,金融
BBIN,74.34,84.42,45.39,-14.68,72.0,反彈,⏳ 觀望,指數基金
BBJP,71.02,64.93,55.05,-18.99,68.0,反彈,⏳ 觀望,指數基金
BBP,86.99,81.19,0.0,-23.83,73.0,反彈,⏳ 觀望,指數基金
BBUS,120.06,66.44,60.69,-12.31,90.0,逆轉,⏳ 觀望,指數基金
BBVA,22.0,60.91,48.14,-31.65,20.0,逆轉,⏳ 觀望,金融
BBW,38.66,79.7,64.1,-54.67,40.0,反彈,⏳ 觀望,消費
BBY,59.49,65.09,66.09,-34.04,60.0,止跌回升,⏳ 觀望,消費
BC,80.2,80.8,68.73,-39.76,65.0,逆轉,⏳ 觀望,消費
BCAB,5.84,66.28,0.0,-138.72,1.5,牛勢,⏳ 觀望,醫療
BCAX,22.46,60.96,56.31,-84.34,22.5,牛勢,⏳ 觀望,醫療
BCE,23.56,65.6,59.7,-19.59,23.0,止跌回升,⏳ 觀望,通訊
BCH,39.28,78.78,70.3,-28.08,30.0,逆轉,⏳ 觀望,金融
BCI,24.64,61.44,54.71,-16.3,15.0,牛勢,⏳ 觀望,指數基金
BCO,106.79,76.66,75.72,-32.87,105.0,逆轉,⏳ 觀望,工業
BCSF,13.22,61.4,55.37,-21.45,15.0,逆轉,⏳ 觀望,金融
BDC,131.62,72.1,58.9,-32.51,105.0,逆轉,⏳ 觀望,科技
BEAM,29.17,67.77,61.23,-72.26,28.0,牛勢,⏳ 觀望,醫療
BEKE,16.04,41.39,63.13,-32.81,14.0,逆轉,⏳ 觀望,Real Estate
BELFB,251.28,69.06,0.0,-46.0,320.0,牛勢,⏳ 觀望,科技
BEN,27.57,72.17,66.92,-26.66,20.0,牛勢,⏳ 觀望,金融
BEPC,40.99,64.47,60.05,-31.88,35.0,逆轉,⏳ 觀望,公用事業
BFH,88.09,72.01,67.77,-40.33,70.0,牛勢,⏳ 觀望,金融
BFS,34.5,64.03,0.0,-19.03,30.0,逆轉,⏳ 觀望,Real Estate
BG,124.01,60.34,53.97,-30.35,110.0,逆轉,⏳ 觀望,Consumer Defensive
BHF,61.97,60.66,64.51,-50.63,60.0,反彈,⏳ 觀望,金融
BIBL,51.18,77.54,85.19,-15.32,39.0,逆轉,⏳ 觀望,指數基金
BIDU,127.9,66.4,59.84,-45.9,120.0,牛勢,⏳ 觀望,通訊
BIGY,51.7,88.55,0.0,-11.02,30.0,逆轉,⏳ 觀望,指數基金
BIIB,180.6,58.04,67.59,-32.25,170.0,反彈,⏳ 觀望,醫療
BIO,287.45,87.19,87.83,-39.01,230.0,逆轉,⏳ 觀望,醫療
BIRK,39.41,61.74,67.37,-37.62,35.0,牛勢,⏳ 觀望,消費
BITU,14.75,77.47,54.51,-87.16,12.0,牛勢,⏳ 觀望,指數基金
BIV,77.42,62.32,66.66,-4.09,78.0,止跌回升,⏳ 觀望,指數基金
BIZD,12.74,60.95,62.31,-17.82,12.0,反彈,⏳ 觀望,指數基金
BJ,92.8,66.76,69.1,-28.57,95.0,反彈,⏳ 觀望,Consumer Defensive
BJRI,38.16,80.69,69.01,-41.45,30.0,逆轉,⏳ 觀望,消費
BKH,75.24,70.72,61.13,-20.03,65.0,逆轉,⏳ 觀望,公用事業
BKR,68.25,62.27,42.35,-30.86,55.0,牛勢,⏳ 觀望,能源
BKU,46.62,68.39,63.45,-29.13,45.0,逆轉,⏳ 觀望,金融
BKV,29.44,73.88,65.8,-42.73,22.5,逆轉,⏳ 觀望,能源
BLCN,24.49,71.31,0.0,-35.46,13.0,逆轉,⏳ 觀望,指數基金
BLDR,89.96,66.93,65.61,-46.57,85.0,逆轉,⏳ 觀望,工業
BLFS,21.72,58.16,65.83,-45.28,22.5,逆轉,⏳ 觀望,醫療
BLOK,59.78,61.58,70.64,-38.69,64.0,牛勢,⏳ 觀望,指數基金
BLX,56.68,62.55,0.0,-21.5,40.0,逆轉,⏳ 觀望,金融
BMA,75.74,61.35,56.19,-69.44,80.0,逆轉,⏳ 觀望,金融
BMBL,4.28,64.98,63.37,-74.03,3.5,牛勢,⏳ 觀望,通訊
BMED,29.74,81.03,0.0,-15.11,19.0,止跌回升,⏳ 觀望,指數基金
BMI,122.92,62.28,58.81,-46.05,100.0,逆轉,⏳ 觀望,科技
BMO,152.36,83.17,75.93,-18.05,130.0,逆轉,⏳ 觀望,金融
BND,73.76,63.28,64.61,-3.82,69.0,止跌回升,⏳ 觀望,指數基金
BNDW,68.54,43.86,74.6,-3.2,66.0,止跌回升,⏳ 觀望,指數基金
BNL,19.96,62.45,57.92,-18.46,15.0,逆轉,⏳ 觀望,房地產
BNS,76.4,61.89,62.19,-15.77,67.5,逆轉,⏳ 觀望,金融
BOKF,132.56,72.25,77.9,-23.47,110.0,逆轉,⏳ 觀望,金融
BOND,92.7,60.16,62.63,-4.08,90.0,止跌回升,⏳ 觀望,指數基金
BOOT,170.32,58.15,67.16,-45.11,170.0,牛勢,⏳ 觀望,消費
BORR,5.71,33.83,60.13,-61.09,4.0,牛勢,⏳ 觀望,能源
BPH,0.0,87.5,0.0,-26.24,58.0,牛勢,⏳ 觀望,指數基金
BPOP,150.6,63.57,51.01,-24.17,140.0,牛勢,⏳ 觀望,金融
BRKR,36.52,71.87,67.26,-51.09,32.5,逆轉,⏳ 觀望,醫療
BSV,78.4,72.72,66.78,-1.83,80.0,止跌回升,⏳ 觀望,指數基金
BSY,32.84,67.11,59.6,-33.72,30.0,反彈,⏳ 觀望,科技
BTG,4.56,65.97,62.34,-53.15,4.5,逆轉,⏳ 觀望,Basic Materials
BTSG,48.57,59.36,60.66,-41.45,35.0,牛勢,⏳ 觀望,醫療
BTU,27.08,56.85,63.84,-57.91,25.0,反彈,⏳ 觀望,能源
BURL,326.46,66.64,65.68,-37.63,270.0,逆轉,⏳ 觀望,消費
BUZZ,34.21,87.71,78.7,-30.64,32.0,牛勢,⏳ 觀望,指數基金
BVS,10.01,84.08,70.43,-48.52,15.0,牛勢,⏳ 觀望,醫療
BWA,55.38,62.21,59.65,-34.42,52.5,逆轉,⏳ 觀望,消費
BWIN,24.39,71.96,76.97,-56.37,15.0,牛勢,⏳ 觀望,金融
BWMN,31.86,69.94,0.0,-46.26,30.0,逆轉,⏳ 觀望,工業
BWXT,222.09,66.86,60.29,-43.7,190.0,牛勢,⏳ 觀望,工業
BX,120.44,67.9,54.21,-33.39,100.0,牛勢,⏳ 觀望,金融
BXC,56.71,80.68,0.0,-49.98,50.0,牛勢,⏳ 觀望,工業
BXMT,20.13,74.21,53.74,-20.66,8.0,逆轉,⏳ 觀望,房地產
BXP,58.03,59.65,65.17,-28.32,52.5,逆轉,⏳ 觀望,Real Estate
BXSL,23.78,74.39,69.98,-19.49,22.5,反彈,⏳ 觀望,金融
BYD,87.55,70.62,76.06,-26.35,75.0,逆轉,⏳ 觀望,消費
BZAI,2.14,73.06,55.39,-126.11,8.0,牛勢,⏳ 觀望,科技
BZH,22.47,71.96,51.91,-44.47,20.0,牛勢,⏳ 觀望,消費
CAC,50.4,77.18,0.0,-29.07,45.0,牛勢,⏳ 觀望,金融
CACC,541.91,77.92,73.07,-40.64,410.0,牛勢,⏳ 觀望,金融
CACI,502.23,71.11,58.31,-31.57,560.0,止跌回升,⏳ 觀望,科技
CAE,25.62,76.24,55.71,-28.82,22.5,止跌回升,⏳ 觀望,工業
CAKE,62.46,79.91,72.53,-33.39,52.5,逆轉,⏳ 觀望,消費
CALM,77.78,75.36,68.18,-33.1,70.0,反彈,⏳ 觀望,Consumer Defensive
CALX,42.6,69.03,56.4,-37.79,40.0,反彈,⏳ 觀望,科技
CANE,9.39,80.1,56.74,-19.46,2.0,反彈,⏳ 觀望,指數基金
CAPR,35.25,63.08,59.67,-192.19,33.0,牛勢,⏳ 觀望,醫療
CAR,187.42,58.13,63.55,-110.24,150.0,牛勢,⏳ 觀望,工業
CARG,37.76,43.4,63.22,-34.58,33.0,牛勢,⏳ 觀望,消費
CART,43.09,67.09,48.49,-41.94,41.0,牛勢,⏳ 觀望,消費
CASH,88.42,78.39,72.31,-28.0,110.0,逆轉,⏳ 觀望,金融
CASS,48.5,71.33,0.0,-22.92,20.0,逆轉,⏳ 觀望,工業
CASY,804.56,52.33,61.21,-24.59,740.0,牛勢,⏳ 觀望,消費
CAT,829.47,54.75,61.38,-30.88,700.0,牛勢,⏳ 觀望,工業
CB,324.6,75.3,57.91,-17.36,310.0,反彈,⏳ 觀望,金融
CBOE,298.0,83.53,73.48,-21.55,280.0,逆轉,⏳ 觀望,金融
CBRL,31.07,81.67,68.18,-54.56,27.5,逆轉,⏳ 觀望,消費
CBT,77.23,82.04,80.98,-30.39,65.0,逆轉,⏳ 觀望,原物料
CBU,61.7,77.56,0.0,-24.25,35.0,逆轉,⏳ 觀望,金融
CCB,83.42,73.92,0.0,-40.23,80.0,牛勢,⏳ 觀望,金融
CCBG,46.25,69.71,0.0,-25.17,40.0,逆轉,⏳ 觀望,金融
CCEP,96.15,67.45,62.27,-21.21,90.0,逆轉,⏳ 觀望,Consumer Defensive
CCI,83.42,70.08,52.36,-25.95,75.0,逆轉,⏳ 觀望,房地產
CCJ,123.4,67.91,58.79,-51.91,90.0,牛勢,⏳ 觀望,能源
CCK,101.61,60.92,65.93,-24.57,100.0,反彈,⏳ 觀望,消費
CCNE,30.81,79.61,0.0,-25.49,40.0,逆轉,⏳ 觀望,金融
CCOI,24.72,60.75,46.73,-83.18,20.0,牛勢,⏳ 觀望,通訊
CCS,59.07,77.82,72.34,-40.35,60.0,反彈,⏳ 觀望,Real Estate
CD,5.33,65.23,0.0,-188.03,5.0,牛勢,⏳ 觀望,金融
CDL,76.3,75.27,0.0,-9.81,64.0,反彈,⏳ 觀望,指數基金
CDNA,21.86,66.81,63.49,-77.55,17.5,牛勢,⏳ 觀望,醫療
CDNS,333.5,61.35,58.24,-37.01,300.0,牛勢,⏳ 觀望,科技
CDW,133.08,78.57,69.23,-30.91,115.0,逆轉,⏳ 觀望,科技
CDZI,4.51,70.04,62.06,-55.66,2.5,止跌回升,⏳ 觀望,公用事業
CE,65.12,53.75,67.71,-55.01,60.0,牛勢,⏳ 觀望,原物料
CECO,64.89,53.7,63.06,-56.8,40.0,牛勢,⏳ 觀望,工業
CEPI,33.35,77.86,0.0,-26.66,44.0,逆轉,⏳ 觀望,指數基金
CERS,1.98,70.87,66.78,-66.6,1.0,牛勢,⏳ 觀望,醫療
CERY,36.36,29.5,73.25,-14.53,22.0,牛勢,⏳ 觀望,指數基金
CFFN,7.89,82.01,71.96,-25.09,7.5,逆轉,⏳ 觀望,金融
CFR,143.54,64.44,56.94,-22.35,130.0,逆轉,⏳ 觀望,金融
CG,47.76,69.72,70.59,-36.24,40.0,反彈,⏳ 觀望,金融
CGAU,19.04,53.13,64.34,-51.55,40.0,逆轉,⏳ 觀望,原物料
CGDV,46.0,62.23,57.56,-11.98,44.0,逆轉,⏳ 觀望,指數基金
CGEM,13.51,68.59,68.07,-72.59,14.0,逆轉,⏳ 觀望,醫療
CGGR,44.13,49.21,62.94,-16.57,41.0,逆轉,⏳ 觀望,指數基金
CHAT,78.65,65.55,69.84,-29.02,70.0,牛勢,⏳ 觀望,指數基金
CHAU,22.89,65.52,14.79,-32.19,15.0,逆轉,⏳ 觀望,指數基金
CHCO,124.71,61.99,0.0,-19.42,120.0,逆轉,⏳ 觀望,金融
CHD,95.4,73.78,69.55,-21.66,80.0,反彈,⏳ 觀望,防禦性消費
CHGX,39.8,68.82,0.0,-13.51,18.0,逆轉,⏳ 觀望,指數基金
CHH,119.01,78.91,74.48,-29.73,100.0,牛勢,⏳ 觀望,消費
CHKP,138.07,63.61,68.26,-31.49,120.0,反彈,⏳ 觀望,科技
CHRD,137.65,76.66,80.06,-36.79,85.0,牛勢,⏳ 觀望,能源
CHRW,188.43,61.32,62.34,-39.27,175.0,牛勢,⏳ 觀望,工業
CHTR,174.53,69.8,72.95,-48.7,200.0,止跌回升,⏳ 觀望,通訊
CIB,69.7,60.12,55.74,-29.67,72.5,逆轉,⏳ 觀望,金融
CIGI,109.48,71.83,78.4,-31.8,105.0,逆轉,⏳ 觀望,房地產
CINF,163.0,76.55,78.01,-19.75,130.0,反彈,⏳ 觀望,金融
CL,84.15,61.02,52.12,-20.11,80.0,止跌回升,⏳ 觀望,Consumer Defensive
CLB,17.29,42.1,64.47,-54.52,10.0,逆轉,⏳ 觀望,能源
CLBK,18.52,77.62,82.98,-29.11,17.5,逆轉,⏳ 觀望,金融
CLFD,29.23,58.01,65.55,-48.45,30.0,牛勢,⏳ 觀望,科技
CLIX,59.04,99.43,0.0,-20.6,43.0,逆轉,⏳ 觀望,指數基金
CLOU,19.86,78.84,58.01,-26.13,17.0,逆轉,⏳ 觀望,指數基金
CLPT,11.19,67.91,63.84,-93.17,10.0,牛勢,⏳ 觀望,醫療
CLW,14.64,68.19,0.0,-46.3,12.5,逆轉,⏳ 觀望,Basic Materials
CLX,96.78,56.05,65.0,-24.06,100.0,止跌回升,⏳ 觀望,Consumer Defensive
CM,110.4,66.79,69.39,-16.85,95.0,牛勢,⏳ 觀望,金融
CMC,69.55,79.48,70.56,-33.57,67.5,牛勢,⏳ 觀望,工業
CMCM,5.41,62.74,0.0,-69.93,5.0,止跌回升,⏳ 觀望,通訊
CMCO,16.0,72.19,79.35,-54.51,15.0,牛勢,⏳ 觀望,工業
CMCSA,27.47,61.38,47.29,-27.71,28.0,止跌回升,⏳ 觀望,通訊
CMDY,59.44,78.41,0.0,-15.5,55.0,逆轉,⏳ 觀望,指數基金
CMPR,83.04,66.0,0.0,-41.93,70.0,牛勢,⏳ 觀望,工業
CMPX,1.78,73.24,67.28,-120.25,5.0,牛勢,⏳ 觀望,醫療
CMS,76.04,66.16,65.27,-15.65,70.0,逆轉,⏳ 觀望,公用事業
CNA,48.01,69.33,57.93,-16.98,43.0,反彈,⏳ 觀望,金融
CNH,10.24,62.88,62.04,-32.91,10.0,反彈,⏳ 觀望,工業
CNK,29.2,68.3,66.71,-37.2,27.0,牛勢,⏳ 觀望,通訊
CNMD,38.34,58.39,65.78,-41.45,40.0,逆轉,⏳ 觀望,醫療
CNP,42.9,77.23,66.35,-15.53,43.0,逆轉,⏳ 觀望,公用事業
CNS,68.17,63.81,37.45,-26.34,45.0,逆轉,⏳ 觀望,金融
CNXC,24.54,58.27,68.77,-60.36,25.0,反彈,⏳ 觀望,科技
CNYA,36.5,70.63,95.84,-16.44,30.0,反彈,⏳ 觀望,指數基金
COCO,51.8,63.33,56.32,-42.86,40.0,逆轉,⏳ 觀望,防禦性消費
COGT,36.6,62.57,41.71,-97.2,35.0,逆轉,⏳ 觀望,醫療
COHU,46.18,70.79,58.9,-46.96,15.0,牛勢,⏳ 觀望,科技
COKE,193.7,65.23,67.47,-32.14,175.0,牛勢,⏳ 觀望,Consumer Defensive
COLD,12.27,65.12,64.09,-39.92,10.0,逆轉,⏳ 觀望,房地產
COLM,61.1,69.0,65.92,-39.02,55.0,逆轉,⏳ 觀望,消費
CON,23.02,68.91,72.19,-26.64,2.5,逆轉,⏳ 觀望,醫療
CONY,27.88,64.63,48.21,-57.51,25.0,牛勢,⏳ 觀望,指數基金
CORO,32.58,86.27,85.25,-14.33,24.0,逆轉,⏳ 觀望,指數基金
CORT,46.19,71.94,60.13,-89.02,35.0,牛勢,⏳ 觀望,醫療
CP,87.35,75.27,61.65,-21.6,77.5,逆轉,⏳ 觀望,工業
CPAY,312.73,82.25,68.14,-35.3,250.0,逆轉,⏳ 觀望,科技
CPB,20.56,73.09,69.28,-28.82,19.5,反彈,⏳ 觀望,Consumer Defensive
CPER,36.94,63.55,47.62,-35.41,32.0,逆轉,⏳ 觀望,指數基金
CPK,126.5,75.95,0.0,-19.74,125.0,反彈,⏳ 觀望,公用事業
CQQQ,50.99,87.63,51.57,-28.39,54.0,逆轉,⏳ 觀望,指數基金
CRC,65.26,71.44,55.98,-34.03,45.0,牛勢,⏳ 觀望,能源
CRGY,12.78,65.22,66.67,-49.94,7.5,牛勢,⏳ 觀望,能源
CRK,16.82,58.14,62.01,-56.65,16.0,反彈,⏳ 觀望,能源
CRL,170.0,51.58,65.08,-45.47,170.0,逆轉,⏳ 觀望,醫療
CRM,180.4,58.27,62.13,-34.29,180.0,逆轉,⏳ 觀望,科技
CRNX,38.63,74.43,78.86,-53.89,32.0,牛勢,⏳ 觀望,醫療
CROX,103.35,60.95,53.09,-55.16,85.0,牛勢,⏳ 觀望,消費
CRSP,51.11,66.68,71.96,-61.66,50.0,逆轉,⏳ 觀望,醫療
CRTC,37.75,74.78,0.0,-13.21,33.0,逆轉,⏳ 觀望,指數基金
CRUS,170.88,65.16,52.0,-33.12,115.0,牛勢,⏳ 觀望,科技
CRVL,58.17,71.11,29.29,-41.07,45.0,牛勢,⏳ 觀望,金融
CRVS,15.92,59.11,68.05,-122.26,17.0,牛勢,⏳ 觀望,醫療
CSD,128.6,88.4,0.0,-23.64,123.0,逆轉,⏳ 觀望,指數基金
CSGS,80.32,47.91,63.43,-21.84,65.0,止跌回升,⏳ 觀望,科技
CSL,361.22,88.33,79.53,-34.42,330.0,逆轉,⏳ 觀望,工業
CSR,66.38,67.36,15.65,-23.86,60.0,牛勢,⏳ 觀望,Real Estate
CSV,51.65,60.93,0.0,-23.04,45.0,牛勢,⏳ 觀望,消費
CTAS,174.0,60.1,48.49,-18.43,170.0,反彈,⏳ 觀望,工業
CTBI,65.1,66.1,0.0,-25.68,50.0,逆轉,⏳ 觀望,金融
CTEV,24.26,82.38,0.0,-109.6,15.0,牛勢,⏳ 觀望,醫療
CTGO,22.44,66.0,54.14,-62.27,20.0,牛勢,⏳ 觀望,原物料
CTRN,48.92,64.91,0.0,-55.79,30.0,逆轉,⏳ 觀望,消費
CTSH,54.61,66.78,65.65,-29.42,52.5,止跌回升,⏳ 觀望,科技
CTVA,79.44,74.61,64.31,-22.91,70.0,逆轉,⏳ 觀望,Basic Materials
CUBE,39.05,64.51,50.08,-21.68,35.0,逆轉,⏳ 觀望,Real Estate
CUBI,77.89,74.5,56.16,-33.62,65.0,牛勢,⏳ 觀望,金融
CURE,85.08,65.52,0.0,-46.65,75.0,止跌回升,⏳ 觀望,指數基金
CUSD,0.0,82.81,0.0,-13.1,11.0,反彈,⏳ 觀望,指數基金
CUZ,24.9,60.11,53.99,-25.05,22.5,牛勢,⏳ 觀望,Real Estate
CVBF,20.08,74.45,72.07,-25.71,20.0,逆轉,⏳ 觀望,金融
CVCO,534.37,67.43,0.0,-45.84,480.0,逆轉,⏳ 觀望,消費
CVE,26.88,61.76,54.38,-33.78,15.0,牛勢,⏳ 觀望,能源
CVGW,28.52,74.15,70.76,-37.22,25.0,牛勢,⏳ 觀望,Consumer Defensive
CVI,32.38,67.11,61.25,-50.58,25.0,牛勢,⏳ 觀望,能源
CVLC,82.33,62.39,0.0,-12.81,50.0,逆轉,⏳ 觀望,指數基金
CVLT,88.46,53.06,62.32,-58.75,75.0,牛勢,⏳ 觀望,科技
CVMC,63.48,69.74,0.0,-14.01,58.0,逆轉,⏳ 觀望,指數基金
CVNA,406.74,61.12,64.01,-58.82,250.0,牛勢,⏳ 觀望,消費
CVRX,7.67,62.63,48.06,-88.42,17.5,牛勢,⏳ 觀望,醫療
CW,717.32,64.97,38.46,-31.75,690.0,逆轉,⏳ 觀望,工業
CWB,100.81,68.46,67.61,-13.09,95.0,逆轉,⏳ 觀望,指數基金
CWCO,33.77,66.71,37.72,-29.41,35.0,逆轉,⏳ 觀望,公用事業
CWEB,26.35,68.82,60.03,-52.22,24.0,止跌回升,⏳ 觀望,指數基金
CWEN,41.05,46.8,60.49,-26.81,30.0,逆轉,⏳ 觀望,公用事業
CWT,46.41,54.58,60.47,-23.09,45.0,逆轉,⏳ 觀望,公用事業
CXT,44.35,60.36,59.35,-35.45,35.0,逆轉,⏳ 觀望,工業
CXW,20.24,64.14,48.4,-33.86,19.0,牛勢,⏳ 觀望,工業
CYTK,61.6,46.69,65.63,-55.16,50.0,反彈,⏳ 觀望,醫療
CZNC,23.02,62.83,0.0,-22.62,17.5,逆轉,⏳ 觀望,金融
D,62.5,64.87,57.69,-17.97,60.0,反彈,⏳ 觀望,公用事業
DAKT,19.69,75.83,64.98,-47.65,12.5,止跌回升,⏳ 觀望,科技
DAL,68.35,54.71,60.66,-40.71,65.0,牛勢,⏳ 觀望,工業
DAPP,18.94,52.81,67.18,-62.17,16.0,牛勢,⏳ 觀望,指數基金
DBA,27.6,72.0,56.03,-10.2,25.0,反彈,⏳ 觀望,指數基金
DBB,25.08,94.63,84.25,-17.61,33.0,逆轉,⏳ 觀望,指數基金
DBD,82.36,67.25,72.99,-32.56,75.0,牛勢,⏳ 觀望,科技
DBMF,30.55,74.77,68.46,-11.79,30.0,反彈,⏳ 觀望,指數基金
DBRG,15.6,71.94,48.56,-56.87,15.5,止跌回升,⏳ 觀望,金融
DBX,23.9,60.91,49.8,-26.38,23.5,逆轉,⏳ 觀望,科技
DCI,89.8,73.1,63.23,-25.6,90.0,反彈,⏳ 觀望,工業
DCOM,36.11,81.26,66.07,-31.03,20.0,牛勢,⏳ 觀望,金融
DCOR,75.94,61.52,0.0,-12.34,59.0,逆轉,⏳ 觀望,指數基金
DDWM,34.89,52.61,61.63,-12.07,37.0,反彈,⏳ 觀望,指數基金
DE,567.99,75.84,66.8,-27.88,560.0,逆轉,⏳ 觀望,工業
DEA,23.36,75.35,59.68,-22.06,20.0,逆轉,⏳ 觀望,Real Estate
DECK,106.77,62.92,63.28,-49.86,95.0,逆轉,⏳ 觀望,消費
DEI,10.9,63.18,49.76,-28.83,10.0,牛勢,⏳ 觀望,Real Estate
DEM,52.18,77.52,59.82,-12.58,45.0,反彈,⏳ 觀望,指數基金
DFAC,42.02,66.59,69.57,-12.71,33.0,逆轉,⏳ 觀望,指數基金
DFAS,71.74,63.39,66.53,-17.07,74.0,逆轉,⏳ 觀望,指數基金
DFAT,65.01,52.11,66.61,-17.34,66.0,逆轉,⏳ 觀望,指數基金
DFAU,46.8,63.72,67.47,-12.48,42.0,逆轉,⏳ 觀望,指數基金
DFAW,78.49,63.49,0.0,-12.14,71.0,逆轉,⏳ 觀望,指數基金
DFDV,4.33,63.4,50.85,-165.4,4.0,牛勢,🎯 進攻獵人 (BC),金融
DFGR,27.94,57.55,65.41,-11.7,27.0,反彈,⏳ 觀望,指數基金
DFIP,42.04,61.51,0.0,-3.45,42.0,止跌回升,⏳ 觀望,指數基金
DFIV,55.34,53.36,62.61,-13.07,48.0,反彈,⏳ 觀望,指數基金
DFLV,36.91,85.16,75.74,-11.54,36.0,反彈,⏳ 觀望,指數基金
DFSU,39.23,82.41,70.71,-13.53,37.0,逆轉,⏳ 觀望,指數基金
DFSV,37.4,79.35,66.68,-18.36,25.0,逆轉,⏳ 觀望,指數基金
DFUS,76.81,78.24,78.36,-12.67,71.0,逆轉,⏳ 觀望,指數基金
DG,117.37,69.98,69.09,-36.31,110.0,止跌回升,⏳ 觀望,防禦性消費
DGICA,17.75,82.97,0.0,-23.03,15.0,反彈,⏳ 觀望,金融
DGII,56.41,72.23,66.58,-35.09,20.0,牛勢,⏳ 觀望,科技
DGNX,0.44,60.28,50.63,-161.81,35.0,牛勢,⏳ 觀望,工業
DGRS,53.9,67.96,0.0,-18.46,30.0,逆轉,⏳ 觀望,指數基金
DGX,195.65,58.07,60.69,-22.16,190.0,反彈,⏳ 觀望,醫療
DHC,7.52,72.21,65.38,-47.18,2.5,牛勢,⏳ 觀望,Real Estate
DHI,158.21,68.29,65.93,-37.34,135.0,牛勢,⏳ 觀望,消費
DIG,56.8,71.74,0.0,-38.58,75.0,牛勢,⏳ 觀望,指數基金
DIN,27.58,77.06,64.54,-45.64,25.0,逆轉,⏳ 觀望,消費
DINO,61.82,69.3,60.64,-35.19,45.0,牛勢,⏳ 觀望,能源
DIOD,101.27,70.51,51.96,-52.6,50.0,牛勢,⏳ 觀望,科技
DIV,19.09,35.46,60.16,-10.3,12.0,反彈,⏳ 觀望,指數基金
DIVB,56.13,44.01,60.39,-11.38,54.0,反彈,⏳ 觀望,指數基金
DIVO,45.32,60.74,71.54,-9.03,44.41,止跌回升,⏳ 觀望,指數基金
DKS,229.4,63.98,67.15,-38.19,190.0,牛勢,⏳ 觀望,消費
DLB,63.64,60.84,60.21,-22.17,65.0,逆轉,⏳ 觀望,工業
DLTR,98.03,69.56,78.31,-36.78,100.0,止跌回升,⏳ 觀望,Consumer Defensive
DLX,30.51,62.61,57.02,-39.01,25.0,牛勢,⏳ 觀望,工業
DMRC,7.16,72.76,55.92,-74.31,5.0,牛勢,⏳ 觀望,科技
DOC,16.22,54.54,60.75,-23.18,15.0,止跌回升,⏳ 觀望,Real Estate
DOCU,45.61,62.55,61.05,-47.23,45.0,逆轉,⏳ 觀望,科技
DOV,226.06,74.08,60.33,-23.57,210.0,逆轉,⏳ 觀望,工業
DOX,64.73,61.22,54.15,-23.92,60.0,反彈,⏳ 觀望,科技
DPST,118.28,60.07,51.7,-70.59,102.0,牛勢,⏳ 觀望,指數基金
DPZ,336.8,76.68,68.97,-25.03,340.0,止跌回升,⏳ 觀望,消費
DQ,22.1,62.45,63.82,-67.01,26.0,逆轉,⏳ 觀望,科技
DRH,10.22,70.24,60.38,-25.46,10.0,逆轉,⏳ 觀望,房地產
DRI,198.63,89.93,82.81,-24.55,180.0,反彈,⏳ 觀望,消費
DRN,10.26,65.47,60.8,-40.39,8.0,牛勢,⏳ 觀望,指數基金
DRTS,7.91,63.41,52.59,-63.14,2.5,牛勢,⏳ 觀望,醫療
DRVN,12.73,74.6,51.57,-49.57,22.5,牛勢,⏳ 觀望,消費
DTCR,28.42,79.28,63.01,-20.91,20.0,牛勢,⏳ 觀望,指數基金
DTE,146.52,76.64,66.19,-15.23,110.0,逆轉,⏳ 觀望,公用事業
DUBS,37.0,90.72,0.0,-12.82,28.0,逆轉,⏳ 觀望,指數基金
DUHP,39.03,73.14,74.6,-11.86,20.0,反彈,⏳ 觀望,指數基金
DUK,127.1,60.61,59.63,-14.84,115.0,反彈,⏳ 觀望,公用事業
DUOL,103.3,58.27,68.55,-64.54,90.0,牛勢,⏳ 觀望,科技
DUSA,54.85,84.06,84.06,-13.8,45.0,逆轉,⏳ 觀望,指數基金
DUSL,87.5,65.95,0.0,-45.62,75.0,牛勢,⏳ 觀望,指數基金
DVA,150.06,73.09,62.7,-33.94,110.0,牛勢,⏳ 觀望,醫療
DVN,48.14,71.9,66.1,-31.8,35.0,牛勢,⏳ 觀望,能源
DVOL,36.29,68.29,0.0,-11.67,29.0,反彈,⏳ 觀望,指數基金
DXC,11.57,61.47,61.93,-44.14,12.0,反彈,⏳ 觀望,科技
DXPE,165.07,63.84,47.15,-47.07,145.0,牛勢,⏳ 觀望,工業
DY,415.86,68.86,71.26,-36.78,310.0,牛勢,⏳ 觀望,工業
DYN,18.04,60.61,70.28,-82.85,18.0,牛勢,⏳ 觀望,醫療
DYNF,63.92,82.34,78.65,-12.75,56.0,逆轉,⏳ 觀望,指數基金
E,53.85,83.96,73.11,-21.35,37.5,牛勢,⏳ 觀望,能源
EAF,9.51,62.35,51.08,-116.32,6.0,牛勢,⏳ 觀望,工業
EAGG,47.55,70.1,74.05,-3.73,53.0,止跌回升,⏳ 觀望,指數基金
EARN,4.73,67.41,67.93,-21.2,2.5,逆轉,⏳ 觀望,金融
EBAY,100.29,64.45,53.96,-36.81,90.0,牛勢,⏳ 觀望,消費
EBF,20.4,61.25,71.14,-21.85,5.0,反彈,⏳ 觀望,工業
ECL,268.02,59.74,60.22,-19.49,250.0,反彈,⏳ 觀望,Basic Materials
ECON,28.85,3.72,90.77,-18.26,20.0,逆轉,⏳ 觀望,指數基金
ECPG,84.23,65.5,63.34,-40.44,55.0,牛勢,⏳ 觀望,金融
ED,108.82,69.9,60.35,-17.08,100.0,反彈,⏳ 觀望,公用事業
EDIV,41.68,51.08,61.63,-11.67,31.0,反彈,⏳ 觀望,指數基金
EEFT,75.27,58.82,68.2,-30.93,70.0,牛勢,⏳ 觀望,科技
EEM,63.64,67.33,69.36,-18.25,55.0,逆轉,⏳ 觀望,指數基金
EEX,4.86,60.41,0.0,-57.1,2.5,牛勢,⏳ 觀望,通訊
EFAX,48.92,80.97,0.0,-14.66,41.0,反彈,⏳ 觀望,指數基金
EFC,13.32,61.48,66.64,-17.34,12.5,逆轉,⏳ 觀望,房地產
EFG,121.78,69.89,68.48,-16.17,107.0,反彈,⏳ 觀望,指數基金
EFV,76.44,66.49,41.15,-13.35,67.0,反彈,⏳ 觀望,指數基金
EFXT,25.58,64.45,57.08,-39.77,2.5,牛勢,⏳ 觀望,能源
EFZ,12.02,64.27,56.55,-15.38,22.0,反彈,⏳ 觀望,指數基金
EG,343.63,65.42,59.0,-23.88,330.0,逆轉,⏳ 觀望,金融
EGBN,26.34,65.08,59.22,-46.99,25.0,逆轉,⏳ 觀望,金融
EGP,199.99,78.69,73.86,-17.96,170.0,逆轉,⏳ 觀望,房地產
EHC,100.93,66.33,66.41,-24.35,95.0,逆轉,⏳ 觀望,醫療
EIDO,15.22,70.45,60.93,-21.61,15.0,止跌回升,⏳ 觀望,指數基金
EIX,68.56,82.2,68.8,-27.25,65.0,逆轉,⏳ 觀望,公用事業
ELIL,17.08,80.31,80.31,-78.87,17.0,止跌回升,⏳ 觀望,指數基金
ELMD,26.13,70.46,0.0,-48.33,20.0,逆轉,⏳ 觀望,醫療
ELPC,12.27,72.58,35.92,-40.26,5.0,牛勢,⏳ 觀望,公用事業
ELS,62.78,69.47,54.76,-17.11,60.0,止跌回升,⏳ 觀望,Real Estate
ELTX,11.43,72.72,74.74,-72.13,7.5,牛勢,⏳ 觀望,醫療
EMA,52.6,65.52,0.0,-14.16,45.0,逆轉,⏳ 觀望,公用事業
EMGF,56.38,44.04,79.51,-18.03,50.0,逆轉,⏳ 觀望,指數基金
EMLC,25.69,66.06,48.74,-6.52,26.0,止跌回升,⏳ 觀望,指數基金
EMPD,4.94,90.24,77.25,-122.91,4.0,牛勢,⏳ 觀望,消費
EMR,141.51,70.09,62.54,-28.48,130.0,逆轉,⏳ 觀望,工業
ENB,52.46,66.89,67.75,-15.49,42.5,逆轉,⏳ 觀望,能源
ENGN,7.24,44.01,76.44,-87.7,5.0,牛勢,⏳ 觀望,醫療
ENLT,89.36,79.19,78.83,-48.86,65.0,牛勢,⏳ 觀望,公用事業
ENOV,24.55,78.83,74.96,-52.34,20.0,逆轉,⏳ 觀望,醫療
ENR,19.47,66.41,63.7,-50.62,15.0,牛勢,⏳ 觀望,工業
ENS,210.45,58.06,66.44,-37.65,135.0,牛勢,⏳ 觀望,工業
ENVA,173.56,71.11,59.39,-37.71,160.0,牛勢,⏳ 觀望,金融
EOLS,5.24,60.0,53.59,-68.75,5.0,牛勢,⏳ 觀望,醫療
EPAM,116.35,57.03,72.69,-44.39,120.0,止跌回升,⏳ 觀望,科技
EPC,23.09,65.57,67.18,-41.05,17.5,牛勢,⏳ 觀望,Consumer Defensive
EPR,55.4,67.88,61.15,-22.44,45.0,逆轉,⏳ 觀望,房地產
EPRT,31.11,66.63,62.63,-17.26,25.0,反彈,⏳ 觀望,房地產
EQR,62.33,63.9,65.91,-19.75,60.0,逆轉,⏳ 觀望,Real Estate
EQWL,121.02,57.04,63.12,-10.85,127.0,反彈,⏳ 觀望,指數基金
ERIC,11.06,79.01,74.32,-31.9,10.0,反彈,⏳ 觀望,科技
ERIE,231.44,71.64,67.13,-29.35,220.0,止跌回升,⏳ 觀望,金融
ES,68.74,69.31,60.07,-24.77,65.0,反彈,⏳ 觀望,公用事業
ESAB,103.31,59.89,63.43,-39.32,100.0,逆轉,⏳ 觀望,工業
ESE,321.11,70.77,67.38,-29.19,280.0,牛勢,⏳ 觀望,科技
ESGV,125.31,47.05,65.95,-13.73,119.0,逆轉,⏳ 觀望,指數基金
ESI,40.36,67.43,57.47,-36.91,36.0,牛勢,⏳ 觀望,原物料
ESPR,1.94,62.44,62.85,-80.02,1.0,逆轉,⏳ 觀望,醫療
ESS,256.94,76.57,60.23,-21.18,230.0,逆轉,⏳ 觀望,房地產
ESTA,65.45,64.53,66.06,-56.32,45.0,牛勢,⏳ 觀望,醫療
ETHW,16.38,57.44,61.1,-71.14,15.0,牛勢,⏳ 觀望,指數基金
ETR,113.13,75.88,47.76,-18.73,90.0,牛勢,⏳ 觀望,公用事業
EUHY,52.25,18.15,93.62,-5.71,49.0,止跌回升,⏳ 觀望,指數基金
EVCM,11.72,76.38,0.0,-53.43,12.5,牛勢,⏳ 觀望,科技
EVER,15.82,63.67,63.4,-47.32,15.0,逆轉,⏳ 觀望,通訊
EVRG,81.59,57.34,62.02,-15.82,77.5,反彈,⏳ 觀望,公用事業
EVTC,29.39,57.53,66.5,-30.24,25.0,牛勢,⏳ 觀望,科技
EWA,29.18,80.19,63.51,-15.98,29.0,反彈,⏳ 觀望,指數基金
EWC,57.98,82.65,68.79,-13.37,55.0,反彈,⏳ 觀望,指數基金
EWCZ,5.82,83.53,69.57,-65.78,6.0,牛勢,⏳ 觀望,Consumer Defensive
EWH,23.33,40.97,61.7,-15.86,23.0,反彈,⏳ 觀望,指數基金
EWL,61.12,66.26,49.26,-14.93,60.0,反彈,⏳ 觀望,指數基金
EWM,29.33,72.8,48.35,-14.05,27.0,反彈,⏳ 觀望,指數基金
EWN,62.7,62.39,76.52,-18.26,58.0,逆轉,⏳ 觀望,指數基金
EWT,87.37,59.96,64.91,-23.89,50.0,牛勢,⏳ 觀望,指數基金
EWW,77.36,76.52,63.01,-20.94,85.0,逆轉,⏳ 觀望,指數基金
EWY,156.58,45.95,60.46,-36.61,135.0,牛勢,⏳ 觀望,指數基金
EXC,46.64,77.47,65.64,-17.7,40.0,反彈,⏳ 觀望,公用事業
EXEL,44.64,74.19,68.47,-43.28,40.0,逆轉,⏳ 觀望,醫療
EXP,209.99,74.07,68.45,-34.54,185.0,牛勢,⏳ 觀望,Basic Materials
EXPD,148.1,81.72,67.09,-29.72,140.0,逆轉,⏳ 觀望,工業
EXPE,245.22,75.35,73.16,-45.58,230.0,牛勢,⏳ 觀望,消費
EZA,69.8,56.3,65.54,-29.19,58.0,逆轉,⏳ 觀望,指數基金
EZET,16.81,83.94,0.0,-71.38,23.0,牛勢,⏳ 觀望,指數基金
F,12.5,62.85,59.46,-29.5,10.0,逆轉,⏳ 觀望,消費
FA,13.15,64.71,58.63,-51.55,2.5,牛勢,⏳ 觀望,工業
FAD,123.17,70.99,0.0,-17.68,149.0,逆轉,⏳ 觀望,指數基金
FANG,196.42,66.48,67.79,-29.94,155.0,牛勢,⏳ 觀望,能源
FAS,134.79,61.48,52.71,-43.59,125.0,牛勢,⏳ 觀望,指數基金
FAST,45.28,67.66,54.94,-24.76,40.0,反彈,⏳ 觀望,工業
FBK,53.53,79.04,61.27,-27.76,45.0,逆轉,⏳ 觀望,金融
FBL,31.63,66.43,47.79,-69.19,32.0,牛勢,⏳ 觀望,指數基金
FBNC,59.97,90.68,82.33,-27.32,25.0,逆轉,⏳ 觀望,金融
FBND,45.72,76.33,63.05,-3.85,51.0,止跌回升,⏳ 觀望,指數基金
FBRT,9.12,76.6,74.07,-25.73,8.0,逆轉,⏳ 觀望,房地產
FBT,207.64,68.28,0.0,-21.45,190.0,反彈,⏳ 觀望,指數基金
FBY,11.26,61.81,0.0,-28.39,11.0,牛勢,⏳ 觀望,指數基金
FCBC,43.41,74.37,0.0,-26.13,50.0,牛勢,⏳ 觀望,金融
FCFS,217.39,69.57,62.18,-27.19,190.0,牛勢,⏳ 觀望,金融
FCG,30.01,58.57,60.6,-25.81,23.0,牛勢,⏳ 觀望,指數基金
FCN,184.92,75.07,50.9,-24.18,170.0,牛勢,⏳ 觀望,工業
FCNCA,1972.77,80.57,0.0,-28.19,1900.0,逆轉,⏳ 觀望,金融
FCOM,74.06,70.11,28.59,-15.24,70.0,逆轉,⏳ 觀望,指數基金
FCPT,25.43,69.17,52.56,-16.01,20.0,反彈,⏳ 觀望,房地產
FDEM,34.32,65.19,0.0,-15.99,24.0,逆轉,⏳ 觀望,指數基金
FDMO,87.59,73.19,72.22,-16.36,73.0,逆轉,⏳ 觀望,指數基金
FDMT,9.47,63.63,59.73,-90.23,9.0,牛勢,⏳ 觀望,醫療
FDN,262.66,84.9,57.42,-19.05,235.0,逆轉,⏳ 觀望,指數基金
FDP,41.86,66.98,0.0,-26.08,40.0,逆轉,⏳ 觀望,Consumer Defensive
FDS,225.35,62.96,63.81,-37.21,230.0,牛勢,⏳ 觀望,金融
FDT,83.9,61.43,38.57,-17.05,72.0,逆轉,⏳ 觀望,指數基金
FDV,28.18,55.93,91.2,-10.97,19.0,止跌回升,⏳ 觀望,指數基金
FE,49.3,87.09,78.74,-14.21,33.0,反彈,⏳ 觀望,公用事業
FEIM,50.07,74.22,0.0,-80.58,35.0,牛勢,⏳ 觀望,科技
FELC,39.74,89.19,75.17,-12.32,39.0,逆轉,⏳ 觀望,指數基金
FELE,103.56,73.4,69.52,-28.64,90.0,逆轉,⏳ 觀望,工業
FELG,42.3,64.29,64.39,-16.01,37.0,逆轉,⏳ 觀望,指數基金
FELV,37.13,65.32,66.3,-10.86,34.0,反彈,⏳ 觀望,指數基金
FEM,32.63,22.24,62.83,-16.32,30.0,逆轉,⏳ 觀望,指數基金
FEPI,43.23,59.13,63.26,-16.42,41.0,逆轉,⏳ 觀望,指數基金
FER,67.73,75.13,76.53,-22.64,75.0,逆轉,⏳ 觀望,工業
FESM,42.32,71.05,73.28,-18.89,38.0,逆轉,⏳ 觀望,指數基金
FFBC,30.74,69.3,64.81,-25.73,15.0,逆轉,⏳ 觀望,金融
FFEM,36.55,76.67,0.0,-19.79,27.0,逆轉,⏳ 觀望,指數基金
FFIN,32.42,62.45,71.57,-25.59,17.5,逆轉,⏳ 觀望,金融
FHB,27.28,60.75,55.54,-23.93,25.0,逆轉,⏳ 觀望,金融
FHI,56.77,82.84,79.75,-20.03,52.5,逆轉,⏳ 觀望,金融
FHLC,69.7,40.15,61.62,-15.34,71.0,止跌回升,⏳ 觀望,指數基金
FHTX,5.22,68.9,0.0,-71.77,2.5,牛勢,⏳ 觀望,醫療
FIBK,35.31,77.55,73.93,-29.4,30.0,逆轉,⏳ 觀望,金融
FICO,1013.25,61.74,52.61,-53.64,800.0,牛勢,⏳ 觀望,科技
FID,20.72,85.88,8.02,-9.56,15.0,反彈,⏳ 觀望,指數基金
FIDI,28.55,14.07,91.54,-11.25,23.0,反彈,⏳ 觀望,指數基金
FIDU,93.74,57.15,73.46,-15.98,79.0,逆轉,⏳ 觀望,指數基金
FIGS,15.66,66.76,62.84,-54.71,2.5,牛勢,⏳ 觀望,消費
FISI,34.51,66.08,0.0,-26.53,30.0,逆轉,⏳ 觀望,金融
FITB,50.34,63.15,67.66,-25.35,45.0,逆轉,⏳ 觀望,金融
FIVN,16.58,66.57,53.61,-50.1,12.5,牛勢,⏳ 觀望,科技
FIZZ,34.28,66.65,0.0,-25.44,30.0,反彈,⏳ 觀望,Consumer Defensive
FLAX,28.74,86.24,0.0,-17.35,27.0,逆轉,⏳ 觀望,指數基金
FLEX,88.01,67.58,55.76,-42.63,75.0,牛勢,⏳ 觀望,科技
FLNG,31.41,61.44,58.71,-26.13,25.0,牛勢,⏳ 觀望,能源
FLS,87.95,80.98,73.03,-42.61,70.0,牛勢,⏳ 觀望,工業
FLUT,112.74,61.98,66.51,-42.29,100.0,逆轉,⏳ 觀望,消費
FLYW,13.74,74.35,48.79,-41.38,15.0,牛勢,⏳ 觀望,科技
FMAT,60.18,47.65,91.74,-16.9,50.0,逆轉,⏳ 觀望,指數基金
FMDE,38.25,48.08,60.73,-13.87,26.0,逆轉,⏳ 觀望,指數基金
FMNB,14.15,65.55,47.55,-25.03,10.0,逆轉,⏳ 觀望,金融
FNB,17.9,72.58,69.2,-25.77,17.5,逆轉,⏳ 觀望,金融
FND,49.81,65.14,62.15,-44.49,47.5,反彈,⏳ 觀望,消費
FNDE,40.02,61.8,63.07,-14.3,40.0,反彈,⏳ 觀望,指數基金
FNDF,50.96,75.35,65.5,-14.07,41.0,反彈,⏳ 觀望,指數基金
FNX,125.91,75.6,0.0,-16.18,120.0,逆轉,⏳ 觀望,指數基金
FNY,82.49,77.84,0.0,-19.12,91.0,逆轉,⏳ 觀望,指數基金
FOLD,14.5,73.21,50.1,-43.26,12.0,止跌回升,⏳ 觀望,醫療
FOR,28.09,70.07,0.0,-34.7,22.5,逆轉,⏳ 觀望,Real Estate
FOUR,45.0,47.43,63.9,-52.78,40.0,逆轉,⏳ 觀望,科技
FOX,57.13,77.02,68.2,-26.56,55.0,逆轉,⏳ 觀望,通訊
FRDM,62.99,61.61,53.5,-21.71,52.0,牛勢,⏳ 觀望,指數基金
FRHC,151.95,60.51,0.0,-38.06,135.0,牛勢,⏳ 觀望,金融
FRI,27.22,61.25,3.24,-13.08,21.0,逆轉,⏳ 觀望,指數基金
FROG,46.17,67.82,55.67,-61.79,40.0,牛勢,⏳ 觀望,科技
FRT,111.19,57.45,70.69,-17.74,90.0,逆轉,⏳ 觀望,房地產
FSBC,40.77,66.94,0.0,-26.17,35.0,逆轉,⏳ 觀望,金融
FSK,10.5,71.7,59.46,-30.17,10.0,逆轉,⏳ 觀望,金融
FSLR,197.48,60.19,58.55,-60.15,180.0,反彈,⏳ 觀望,科技
FSS,115.69,66.87,65.28,-33.06,90.0,逆轉,⏳ 觀望,工業
FSV,146.49,80.8,25.04,-25.35,140.0,逆轉,⏳ 觀望,Real Estate
FTC,169.94,60.23,0.0,-17.01,171.0,逆轉,⏳ 觀望,指數基金
FTCI,5.12,54.02,60.86,-99.19,22.5,牛勢,⏳ 觀望,科技
FTDR,60.54,76.48,67.45,-41.08,55.0,牛勢,⏳ 觀望,消費
FTHI,23.76,61.61,43.66,-8.74,23.0,反彈,⏳ 觀望,指數基金
FTLS,72.8,68.96,36.88,-8.15,66.0,反彈,⏳ 觀望,指數基金
FTQI,21.06,62.53,43.55,-10.28,11.0,逆轉,⏳ 觀望,指數基金
FTRE,10.6,62.28,69.59,-85.82,7.5,牛勢,⏳ 觀望,醫療
FTRI,18.17,92.67,92.67,-16.72,5.0,反彈,⏳ 觀望,指數基金
FTS,56.31,49.22,65.69,-13.41,45.0,反彈,⏳ 觀望,公用事業
FTSM,59.94,64.59,35.1,-0.35,51.0,止跌回升,⏳ 觀望,指數基金
FTV,62.0,70.29,63.13,-25.79,50.0,逆轉,⏳ 觀望,科技
FTW,10.51,65.05,0.0,-32.27,10.0,逆轉,⏳ 觀望,能源
FTXL,207.93,64.9,64.9,-33.42,190.0,牛勢,⏳ 觀望,指數基金
FTXR,41.45,26.98,95.05,-21.49,35.0,逆轉,⏳ 觀望,指數基金
FUBO,11.59,66.76,63.3,-70.2,10.5,牛勢,⏳ 觀望,通訊
FULT,21.92,60.54,63.96,-27.0,17.5,逆轉,⏳ 觀望,金融
FUTU,160.01,64.67,50.59,-51.43,127.45,牛勢,⏳ 觀望,金融
FVRR,10.63,58.24,61.36,-43.87,10.0,逆轉,⏳ 觀望,通訊
FWONA,81.5,79.42,0.0,-22.29,40.0,反彈,⏳ 觀望,通訊
FWRG,13.16,61.14,56.16,-55.63,12.5,牛勢,⏳ 觀望,消費
FXB,130.21,60.83,0.0,-6.61,132.0,止跌回升,⏳ 觀望,指數基金
FXE,108.11,57.57,87.86,-6.65,105.0,止跌回升,⏳ 觀望,指數基金
FXI,36.46,62.63,65.22,-19.64,36.0,止跌回升,⏳ 觀望,指數基金
FXZ,80.05,43.54,66.18,-21.04,63.0,逆轉,⏳ 觀望,指數基金
FYEE,28.63,56.63,83.54,-9.64,19.0,反彈,⏳ 觀望,指數基金
FYT,54.55,72.57,97.22,-19.44,49.0,逆轉,⏳ 觀望,指數基金
GABC,43.6,72.64,0.0,-22.68,40.0,逆轉,⏳ 觀望,金融
GAIN,16.43,56.43,67.15,-16.29,22.5,牛勢,⏳ 觀望,金融
GANX,1.96,71.04,45.11,-113.33,7.0,牛勢,⏳ 觀望,醫療
GAP,25.12,39.47,61.92,-46.94,25.0,逆轉,⏳ 觀望,消費
GATX,197.6,65.23,0.0,-22.1,170.0,牛勢,⏳ 觀望,工業
GBCI,49.4,75.83,73.62,-30.04,45.0,牛勢,⏳ 觀望,金融
GBDC,13.41,76.56,56.23,-18.42,12.5,逆轉,⏳ 觀望,金融
GBFH,28.7,75.05,0.0,-39.65,22.5,牛勢,⏳ 觀望,金融
GBIL,100.12,60.34,49.86,-0.2,100.0,止跌回升,⏳ 觀望,指數基金
GBX,49.07,58.38,62.3,-36.13,42.5,反彈,⏳ 觀望,工業
GCO,35.51,66.33,63.92,-66.83,12.5,牛勢,⏳ 觀望,消費
GCT,45.45,65.6,60.01,-73.07,20.0,牛勢,⏳ 觀望,科技
GDDY,84.35,52.71,62.39,-35.93,77.5,逆轉,⏳ 觀望,科技
GEF,66.39,74.9,0.0,-27.88,60.0,反彈,⏳ 觀望,消費
GEM,48.06,17.75,62.37,-17.8,35.0,逆轉,⏳ 觀望,指數基金
GEO,18.67,63.04,55.59,-48.59,13.0,牛勢,⏳ 觀望,工業
GFF,94.35,68.04,55.21,-34.72,70.0,牛勢,⏳ 觀望,工業
GGG,80.51,49.16,67.04,-19.25,75.0,止跌回升,⏳ 觀望,工業
GH,88.54,58.31,67.19,-54.71,80.0,逆轉,⏳ 觀望,醫療
GHM,94.61,63.64,0.0,-51.02,65.0,牛勢,⏳ 觀望,工業
GIB,73.44,60.59,67.76,-24.21,70.0,反彈,⏳ 觀望,科技
GII,76.5,28.65,63.83,-10.04,78.0,反彈,⏳ 觀望,指數基金
GIII,31.68,63.99,66.42,-38.56,25.0,牛勢,⏳ 觀望,消費
GIL,57.87,68.49,55.44,-31.39,55.0,反彈,⏳ 觀望,消費
GIS,34.76,64.52,67.16,-23.01,35.0,止跌回升,⏳ 觀望,Consumer Defensive
GKOS,122.1,67.68,60.31,-44.48,110.0,牛勢,⏳ 觀望,醫療
GL,152.13,63.18,59.23,-20.68,130.0,逆轉,⏳ 觀望,金融
GLAD,18.4,65.09,64.17,-24.81,17.5,逆轉,⏳ 觀望,金融
GLNK,8.18,44.24,64.46,-121.37,7.0,逆轉,⏳ 觀望,指數基金
GLOB,42.4,59.79,63.67,-58.03,40.0,反彈,⏳ 觀望,科技
GLP,46.59,78.88,0.0,-27.16,45.0,逆轉,⏳ 觀望,能源
GLPG,28.62,74.83,0.0,-29.7,30.0,止跌回升,⏳ 觀望,醫療
GLPI,47.28,76.82,66.69,-17.23,45.0,反彈,⏳ 觀望,Real Estate
GLUE,19.3,55.43,66.88,-86.07,20.0,牛勢,⏳ 觀望,醫療
GMAB,26.65,88.62,71.42,-33.52,25.0,反彈,⏳ 觀望,醫療
GME,25.49,62.38,58.56,-45.51,21.0,逆轉,⏳ 觀望,消費
GMED,93.63,70.47,72.22,-49.93,87.5,逆轉,⏳ 觀望,醫療
GNL,9.4,66.13,68.32,-22.49,7.5,反彈,⏳ 觀望,Real Estate
GNLX,2.58,75.07,61.04,-91.86,10.0,逆轉,⏳ 觀望,醫療
GNRC,220.33,70.76,64.75,-47.18,165.0,牛勢,⏳ 觀望,工業
GNTX,23.84,58.1,61.3,-29.32,20.0,逆轉,⏳ 觀望,消費
GNW,8.91,70.33,60.21,-27.89,7.0,逆轉,⏳ 觀望,金融
GOEX,85.68,71.68,0.0,-48.99,95.0,逆轉,⏳ 觀望,指數基金
GOGO,4.06,69.73,62.85,-74.8,4.0,反彈,⏳ 觀望,通訊
GOLD,47.22,52.65,64.28,-51.12,20.0,牛勢,⏳ 觀望,金融
GOOD,12.7,59.56,71.65,-20.64,10.0,逆轉,⏳ 觀望,房地產
GOOY,14.53,63.67,41.81,-22.46,13.0,牛勢,⏳ 觀望,指數基金
GOVT,22.9,71.29,67.65,-3.73,22.0,止跌回升,⏳ 觀望,指數基金
GOVZ,9.05,61.2,55.86,-16.7,9.0,止跌回升,⏳ 觀望,指數基金
GPC,106.56,69.22,66.37,-28.57,105.0,逆轉,⏳ 觀望,消費
GPGI,15.92,72.46,70.65,-48.41,15.0,止跌回升,⏳ 觀望,工業
GPIQ,55.04,71.63,58.0,-13.56,48.0,逆轉,⏳ 觀望,指數基金
GPIX,53.96,68.0,68.79,-10.61,51.0,逆轉,⏳ 觀望,指數基金
GPN,68.35,64.03,60.65,-37.24,65.0,逆轉,⏳ 觀望,工業
GRAL,54.93,66.14,63.82,-114.52,45.0,牛勢,⏳ 觀望,醫療
GRBK,70.89,67.96,46.71,-34.62,60.0,逆轉,⏳ 觀望,消費
GRC,76.0,73.83,70.53,-32.71,75.0,牛勢,⏳ 觀望,工業
GREK,70.08,77.06,0.0,-22.39,65.0,逆轉,⏳ 觀望,指數基金
GRMN,257.38,64.09,60.29,-30.21,260.0,牛勢,⏳ 觀望,科技
GRND,13.55,54.22,64.79,-45.3,9.0,牛勢,⏳ 觀望,科技
GRPN,14.74,62.06,60.61,-72.51,10.0,牛勢,⏳ 觀望,通訊
GS,936.5,57.12,66.1,-26.49,800.0,牛勢,⏳ 觀望,金融
GSBC,68.15,85.35,0.0,-27.34,60.0,逆轉,⏳ 觀望,金融
GSBD,9.68,50.28,63.27,-18.46,7.5,逆轉,⏳ 觀望,金融
GSEW,82.54,67.08,45.2,-12.63,85.0,反彈,⏳ 觀望,指數基金
GSIE,46.26,79.65,70.11,-13.47,34.0,反彈,⏳ 觀望,指數基金
GSIT,7.27,61.39,56.63,-141.13,5.0,牛勢,⏳ 觀望,科技
GSK,54.22,80.3,63.95,-26.72,50.0,反彈,⏳ 觀望,醫療
GSUS,89.6,55.12,86.67,-12.46,76.0,逆轉,⏳ 觀望,指數基金
GVA,125.74,42.61,60.31,-22.66,115.0,反彈,⏳ 觀望,工業
GVI,106.15,73.63,50.52,-2.5,105.0,止跌回升,⏳ 觀望,指數基金
GVIP,159.15,75.35,0.0,-17.81,137.0,逆轉,⏳ 觀望,指數基金
GVLU,25.24,91.44,0.0,-13.87,16.0,反彈,⏳ 觀望,指數基金
GWRE,136.57,65.27,60.42,-44.63,150.0,牛勢,⏳ 觀望,科技
GXC,95.33,68.11,49.72,-18.67,94.0,止跌回升,⏳ 觀望,指數基金
GYRE,7.44,70.44,0.0,-69.27,2.5,逆轉,⏳ 觀望,醫療
H,163.93,78.05,73.61,-32.62,140.0,牛勢,⏳ 觀望,消費
HAFC,26.49,45.19,76.98,-32.97,25.0,牛勢,⏳ 觀望,金融
HALO,64.5,72.99,68.34,-44.24,60.0,反彈,⏳ 觀望,醫療
HAS,94.7,60.94,60.17,-27.14,95.0,逆轉,⏳ 觀望,消費
HASI,41.76,77.0,67.83,-32.67,30.0,牛勢,⏳ 觀望,金融
HAYW,15.79,75.11,71.1,-29.54,14.0,牛勢,⏳ 觀望,工業
HBB,20.78,79.69,0.0,-61.69,12.5,牛勢,⏳ 觀望,消費
HBCP,64.1,75.93,0.0,-25.62,35.0,逆轉,⏳ 觀望,金融
HCA,445.77,72.86,70.83,-26.65,420.0,反彈,⏳ 觀望,醫療
HCC,87.47,70.96,57.95,-52.03,70.0,逆轉,⏳ 觀望,原物料
HCKT,12.88,64.41,60.72,-36.07,2.5,反彈,⏳ 觀望,科技
HCSG,21.68,75.11,70.14,-42.6,15.0,牛勢,⏳ 觀望,醫療
HE,15.33,71.96,71.06,-32.18,10.0,逆轉,⏳ 觀望,公用事業
HEEM,37.4,73.01,0.0,-16.2,29.0,逆轉,⏳ 觀望,指數基金
HEGD,24.47,85.06,52.77,-6.79,16.0,反彈,⏳ 觀望,指數基金
HEI,267.89,59.22,65.61,-29.84,260.0,止跌回升,⏳ 觀望,工業
HEWJ,59.86,41.95,92.17,-19.01,53.72,反彈,⏳ 觀望,指數基金
HFWA,27.48,86.03,86.03,-28.74,25.0,逆轉,⏳ 觀望,金融
HGER,31.93,82.66,72.65,-16.74,22.0,牛勢,⏳ 觀望,指數基金
HGTY,10.5,69.48,0.0,-37.99,12.5,逆轉,⏳ 觀望,金融
HGV,46.41,65.25,74.9,-38.05,45.0,牛勢,⏳ 觀望,消費
HHH,63.79,60.83,68.15,-29.32,60.0,反彈,⏳ 觀望,房地產
HIBS,30.15,66.21,0.0,-68.07,33.0,反彈,⏳ 觀望,指數基金
HIG,136.72,69.15,61.98,-18.28,130.0,反彈,⏳ 觀望,金融
HIMS,29.4,62.86,62.28,-100.17,30.5,牛勢,⏳ 觀望,醫療
HIPS,11.98,50.6,97.85,-10.19,11.0,反彈,⏳ 觀望,指數基金
HITI,2.56,65.49,60.58,-48.54,7.5,逆轉,⏳ 觀望,醫療
HIW,24.09,76.2,71.34,-25.73,35.0,逆轉,⏳ 觀望,Real Estate
HLF,16.46,62.53,52.87,-60.13,2.5,牛勢,⏳ 觀望,Consumer Defensive
HLI,159.64,80.12,69.26,-25.46,135.0,逆轉,⏳ 觀望,金融
HLIT,10.5,60.15,52.53,-35.74,7.5,牛勢,⏳ 觀望,科技
HLNE,89.47,65.35,49.52,-39.89,95.0,反彈,⏳ 觀望,金融
HMN,45.83,74.36,79.62,-19.93,22.5,逆轉,⏳ 觀望,金融
HMY,16.47,53.41,64.95,-63.65,16.0,牛勢,⏳ 觀望,Basic Materials
HNI,37.65,70.92,60.96,-31.45,30.0,牛勢,⏳ 觀望,消費
HODL,21.75,63.82,53.47,-43.15,23.0,牛勢,⏳ 觀望,指數基金
HOFT,12.67,61.9,0.0,-55.91,12.5,逆轉,⏳ 觀望,消費
HOG,22.97,75.02,73.98,-38.02,24.0,牛勢,⏳ 觀望,消費
HOPE,12.68,54.9,69.21,-28.13,10.0,牛勢,⏳ 觀望,金融
HP,38.66,62.81,66.21,-43.73,17.5,牛勢,⏳ 觀望,能源
HPE,28.63,59.97,67.18,-37.87,17.0,牛勢,⏳ 觀望,科技
HPQ,19.77,65.69,61.8,-33.54,18.0,逆轉,⏳ 觀望,科技
HR,18.39,53.94,65.9,-20.84,15.0,逆轉,⏳ 觀望,房地產
HRB,30.64,76.18,70.91,-31.28,30.0,逆轉,⏳ 觀望,消費
HRI,124.69,67.7,60.28,-60.56,100.0,牛勢,⏳ 觀望,工業
HRL,21.48,61.17,59.66,-26.67,20.0,反彈,⏳ 觀望,防禦性消費
HRMY,31.03,75.4,68.83,-42.48,25.0,牛勢,⏳ 觀望,醫療
HRTG,29.91,62.83,52.44,-57.84,22.5,牛勢,⏳ 觀望,金融
HSAI,23.4,82.21,56.14,-75.64,17.5,牛勢,⏳ 觀望,消費
HSBC,89.96,73.42,49.43,-24.57,88.0,逆轉,⏳ 觀望,金融
HSDT,2.12,65.88,51.34,-206.58,2.0,牛勢,⏳ 觀望,金融
HSIC,77.19,92.24,81.83,-26.46,65.0,反彈,⏳ 觀望,醫療
HST,21.08,72.19,71.56,-24.88,18.0,逆轉,⏳ 觀望,房地產
HSY,186.48,64.78,58.61,-26.61,180.0,止跌回升,⏳ 觀望,防禦性消費
HTH,36.83,65.28,68.93,-22.48,25.0,逆轉,⏳ 觀望,金融
HTLD,13.26,66.54,63.76,-39.98,10.0,牛勢,⏳ 觀望,工業
HUBB,555.37,60.1,59.57,-28.32,520.0,牛勢,⏳ 觀望,工業
HUBG,43.87,47.44,61.11,-39.61,35.0,牛勢,⏳ 觀望,工業
HUM,223.99,63.84,64.28,-48.77,195.0,牛勢,⏳ 觀望,醫療
HUN,13.73,63.87,69.5,-55.85,8.0,牛勢,⏳ 觀望,原物料
HWC,66.87,80.73,78.11,-26.47,65.0,逆轉,⏳ 觀望,金融
HWKN,170.98,74.46,73.43,-36.24,180.0,牛勢,⏳ 觀望,原物料
HXL,92.27,78.0,78.07,-30.43,105.0,牛勢,⏳ 觀望,工業
HYDR,52.77,60.03,0.0,-49.01,46.0,牛勢,⏳ 觀望,指數基金
HYEM,20.05,65.85,29.64,-4.28,20.0,止跌回升,⏳ 觀望,指數基金
HYG,80.46,72.62,61.04,-3.87,79.0,止跌回升,⏳ 觀望,指數基金
HYGH,86.31,66.96,0.0,-3.94,83.0,止跌回升,⏳ 觀望,指數基金
HYLB,36.77,78.38,70.28,-3.61,36.0,止跌回升,⏳ 觀望,指數基金
HYMB,25.2,66.88,61.22,-4.06,24.0,止跌回升,⏳ 觀望,指數基金
HYMC,38.55,61.67,60.1,-111.73,38.0,牛勢,⏳ 觀望,Basic Materials
HYS,93.8,54.44,67.88,-3.47,92.0,止跌回升,⏳ 觀望,指數基金
HZO,29.69,70.57,53.9,-55.51,25.0,牛勢,⏳ 觀望,消費
IAGG,50.33,70.0,70.1,-2.67,51.0,止跌回升,⏳ 觀望,指數基金
IART,10.69,69.54,58.88,-61.29,7.5,牛勢,⏳ 觀望,醫療
IAT,58.33,70.49,84.13,-22.15,57.0,逆轉,⏳ 觀望,指數基金
IBB,168.99,74.81,69.75,-20.91,160.0,反彈,⏳ 觀望,指數基金
IBBQ,28.95,62.57,0.0,-20.66,30.0,反彈,⏳ 觀望,指數基金
IBND,31.65,39.09,99.47,-8.05,22.0,止跌回升,⏳ 觀望,指數基金
IBOT,62.05,60.5,0.0,-21.04,43.0,牛勢,⏳ 觀望,指數基金
IBP,298.4,52.93,63.22,-44.49,270.0,牛勢,⏳ 觀望,消費
IBRX,7.27,64.13,53.84,-101.2,6.0,牛勢,⏳ 觀望,醫療
ICSH,50.58,69.93,50.94,-0.27,42.0,止跌回升,⏳ 觀望,指數基金
ICUI,122.87,58.59,67.62,-37.71,120.0,止跌回升,⏳ 觀望,醫療
ICVT,112.12,53.37,65.61,-13.2,99.0,逆轉,⏳ 觀望,指數基金
IDA,145.8,71.11,66.16,-16.18,110.0,逆轉,⏳ 觀望,公用事業
IDCC,361.95,57.96,62.21,-41.57,290.0,牛勢,⏳ 觀望,科技
IDGT,114.91,38.1,96.25,-18.69,110.0,牛勢,⏳ 觀望,指數基金
IDHQ,39.77,67.49,0.0,-16.78,25.0,逆轉,⏳ 觀望,指數基金
IEF,95.37,61.88,63.81,-4.86,94.0,止跌回升,⏳ 觀望,指數基金
IEFA,94.62,67.46,57.13,-14.09,87.0,反彈,⏳ 觀望,指數基金
IEMG,78.0,65.5,60.8,-17.81,76.0,逆轉,⏳ 觀望,指數基金
IESC,607.64,66.99,61.94,-61.95,480.0,牛勢,⏳ 觀望,工業
IETC,102.64,20.92,81.44,-20.83,98.0,牛勢,⏳ 觀望,指數基金
IEUR,74.52,70.26,51.98,-14.2,65.0,反彈,⏳ 觀望,指數基金
IFF,71.0,62.41,69.89,-28.55,70.0,逆轉,⏳ 觀望,Basic Materials
IFGL,23.14,73.32,0.0,-12.61,14.0,反彈,⏳ 觀望,指數基金
IFRA,61.3,75.9,68.84,-14.06,60.0,逆轉,⏳ 觀望,指數基金
IFV,27.37,33.69,98.31,-15.07,19.0,逆轉,⏳ 觀望,指數基金
IGF,67.3,53.38,63.93,-9.77,60.0,反彈,⏳ 觀望,指數基金
IGIB,53.5,61.28,66.88,-4.16,49.0,止跌回升,⏳ 觀望,指數基金
IGLD,25.26,47.44,62.03,-23.44,24.0,反彈,⏳ 觀望,指數基金
IGM,142.73,63.36,54.11,-20.14,147.0,牛勢,⏳ 觀望,指數基金
IGRO,87.98,63.41,0.0,-11.77,73.0,反彈,⏳ 觀望,指數基金
IGSB,52.64,85.62,66.67,-1.91,52.0,止跌回升,⏳ 觀望,指數基金
IGV,85.45,66.58,52.76,-25.22,80.0,逆轉,⏳ 觀望,指數基金
IHF,47.11,81.78,62.77,-22.53,40.0,逆轉,⏳ 觀望,指數基金
IHI,52.74,71.75,62.91,-15.64,53.0,止跌回升,⏳ 觀望,指數基金
IIIN,25.65,70.35,62.0,-44.28,19.0,反彈,⏳ 觀望,工業
IIPR,56.01,70.41,66.9,-37.8,50.0,牛勢,⏳ 觀望,房地產
IJH,72.85,60.83,66.89,-15.79,63.0,逆轉,⏳ 觀望,指數基金
IJK,108.99,66.34,60.58,-17.05,107.0,逆轉,⏳ 觀望,指數基金
IJR,136.52,66.58,47.11,-17.84,123.0,逆轉,⏳ 觀望,指數基金
IJS,129.07,61.51,48.27,-18.83,118.0,逆轉,⏳ 觀望,指數基金
ILCG,110.61,63.53,0.0,-16.6,112.0,牛勢,⏳ 觀望,指數基金
ILMN,129.65,64.75,63.39,-45.36,115.0,逆轉,⏳ 觀望,醫療
IMAX,37.16,88.92,85.07,-33.63,32.0,反彈,⏳ 觀望,通訊
IMCG,87.41,62.09,44.54,-15.36,82.0,逆轉,⏳ 觀望,指數基金
IMKTA,90.0,70.02,0.0,-25.27,70.0,牛勢,⏳ 觀望,防禦性消費
IMNM,23.48,74.71,64.45,-70.08,22.0,牛勢,⏳ 觀望,醫療
IMO,125.8,69.1,52.6,-24.75,100.0,牛勢,⏳ 觀望,能源
IMOS,43.45,61.77,0.0,-55.79,20.0,牛勢,⏳ 觀望,科技
IMTM,52.66,80.59,69.63,-16.16,50.0,逆轉,⏳ 觀望,指數基金
IMVT,28.62,67.16,64.92,-50.47,22.0,牛勢,⏳ 觀望,醫療
INBX,131.43,71.03,66.05,-101.24,105.0,牛勢,⏳ 觀望,醫療
INCY,95.72,83.25,71.04,-31.86,85.0,反彈,⏳ 觀望,醫療
INDA,49.4,70.09,65.61,-14.77,43.0,反彈,⏳ 觀望,指數基金
INDB,78.14,64.7,56.01,-27.14,70.0,逆轉,⏳ 觀望,金融
INDI,3.96,78.02,72.31,-76.63,3.0,牛勢,⏳ 觀望,科技
ING,28.05,72.92,63.28,-24.68,28.0,逆轉,⏳ 觀望,金融
INGN,7.26,63.49,14.49,-47.55,12.5,牛勢,⏳ 觀望,醫療
INGR,112.99,73.5,70.69,-16.46,110.0,反彈,⏳ 觀望,Consumer Defensive
INKM,32.56,96.8,0.0,-5.67,25.0,止跌回升,⏳ 觀望,指數基金
INSM,136.02,57.53,71.62,-49.8,130.0,止跌回升,⏳ 觀望,醫療
INSP,55.08,69.63,67.76,-74.4,90.0,逆轉,⏳ 觀望,醫療
INSW,80.66,60.88,61.89,-35.0,70.0,牛勢,⏳ 觀望,能源
INTF,37.76,61.71,64.05,-13.81,30.0,反彈,⏳ 觀望,指數基金
INTU,389.77,61.06,63.48,-36.17,360.0,逆轉,⏳ 觀望,科技
INVX,28.05,78.51,76.19,-39.85,17.5,牛勢,⏳ 觀望,能源
IONS,72.24,64.59,74.72,-43.75,75.0,反彈,⏳ 觀望,醫療
IOSP,74.9,65.41,0.0,-23.54,80.0,逆轉,⏳ 觀望,Basic Materials
IPAC,80.48,74.35,63.14,-15.89,75.0,反彈,⏳ 觀望,指數基金
IPGP,115.08,44.31,62.1,-55.83,105.0,牛勢,⏳ 觀望,科技
IPO,49.1,74.7,0.0,-27.6,35.0,牛勢,⏳ 觀望,指數基金
IPX,32.67,40.23,69.12,-77.9,15.0,牛勢,⏳ 觀望,Basic Materials
IQLT,49.69,78.86,69.55,-13.57,53.0,反彈,⏳ 觀望,指數基金
IRON,68.79,72.61,72.51,-54.86,65.0,牛勢,⏳ 觀望,醫療
IRS,14.96,58.78,60.42,-50.85,7.5,反彈,⏳ 觀望,Real Estate
IRTC,125.99,58.13,60.4,-43.21,110.0,逆轉,⏳ 觀望,醫療
ISPY,46.46,54.42,64.99,-11.37,44.0,逆轉,⏳ 觀望,指數基金
IT,148.72,61.44,72.81,-52.88,140.0,逆轉,⏳ 觀望,科技
ITB,99.32,66.91,65.52,-28.53,100.0,逆轉,⏳ 觀望,指數基金
ITGR,85.35,78.34,58.04,-46.92,65.0,止跌回升,⏳ 觀望,醫療
ITRN,58.02,61.58,0.0,-31.4,70.0,牛勢,⏳ 觀望,科技
ITT,217.06,74.01,61.73,-28.33,210.0,牛勢,⏳ 觀望,工業
ITW,269.79,70.1,70.63,-19.98,300.0,反彈,⏳ 觀望,工業
ITWO,43.4,65.91,0.0,-18.32,45.0,逆轉,⏳ 觀望,指數基金
IUSB,46.47,56.64,66.48,-3.61,37.0,止跌回升,⏳ 觀望,指數基金
IUSV,104.7,63.28,66.61,-10.54,93.0,反彈,⏳ 觀望,指數基金
IVE,219.98,55.37,62.22,-10.32,210.0,反彈,⏳ 觀望,指數基金
IVOG,126.75,65.2,0.0,-17.14,111.0,逆轉,⏳ 觀望,指數基金
IVV,718.41,52.8,65.98,-12.26,672.5,逆轉,⏳ 觀望,指數基金
IVW,130.44,58.71,61.06,-16.09,70.0,逆轉,⏳ 觀望,指數基金
IVZ,25.48,65.75,66.8,-33.93,21.0,牛勢,⏳ 觀望,金融
IWC,179.5,75.24,68.76,-22.99,162.0,逆轉,⏳ 觀望,指數基金
IWM,277.21,66.92,64.3,-19.07,270.0,逆轉,⏳ 觀望,指數基金
IWMI,50.88,57.97,61.42,-14.69,49.0,逆轉,⏳ 觀望,指數基金
IWN,207.67,68.77,53.75,-17.84,188.0,逆轉,⏳ 觀望,指數基金
IWO,357.71,66.88,49.77,-21.01,280.0,逆轉,⏳ 觀望,指數基金
IWV,406.65,68.97,39.02,-12.52,370.0,逆轉,⏳ 觀望,指數基金
IXN,120.97,60.91,75.83,-20.89,105.0,牛勢,⏳ 觀望,指數基金
IXUS,92.54,43.18,61.54,-14.29,97.0,逆轉,⏳ 觀望,指數基金
IYG,87.4,37.97,92.26,-15.78,87.0,逆轉,⏳ 觀望,指數基金
IYM,184.27,56.17,72.68,-17.79,200.0,逆轉,⏳ 觀望,指數基金
IYR,100.82,48.16,61.37,-13.19,99.0,逆轉,⏳ 觀望,指數基金
IYT,81.6,35.64,63.63,-20.44,77.0,逆轉,⏳ 觀望,指數基金
J,125.8,75.38,70.89,-29.11,110.0,反彈,⏳ 觀望,工業
JANX,15.23,53.41,61.63,-94.06,15.0,牛勢,⏳ 觀望,醫療
JAZZ,201.22,35.74,63.86,-36.81,170.0,牛勢,⏳ 觀望,醫療
JBIO,26.82,68.66,55.87,-234.25,15.0,牛勢,⏳ 觀望,醫療
JBLU,4.96,63.19,59.84,-59.79,4.0,牛勢,⏳ 觀望,工業
JBSS,78.46,68.68,0.0,-29.89,70.0,逆轉,⏳ 觀望,Consumer Defensive
JCPB,46.84,79.34,59.46,-3.7,47.0,止跌回升,⏳ 觀望,指數基金
JCPI,47.18,17.64,87.13,-3.03,40.0,止跌回升,⏳ 觀望,指數基金
JEPI,57.14,73.45,69.57,-7.92,56.0,止跌回升,⏳ 觀望,指數基金
JEPQ,59.08,75.56,63.29,-11.73,54.0,逆轉,⏳ 觀望,指數基金
JHG,51.58,61.5,49.28,-23.82,45.0,反彈,⏳ 觀望,金融
JHMM,70.69,71.52,61.87,-14.37,59.0,逆轉,⏳ 觀望,指數基金
JKHY,151.07,57.26,64.55,-23.18,150.0,止跌回升,⏳ 觀望,科技
JNK,96.94,64.01,65.18,-3.96,95.0,止跌回升,⏳ 觀望,指數基金
JOE,71.3,61.16,35.9,-29.35,55.0,牛勢,⏳ 觀望,房地產
JSMD,79.27,66.42,52.24,-21.11,66.0,逆轉,⏳ 觀望,指數基金
JSML,73.88,73.59,0.0,-20.91,65.0,牛勢,⏳ 觀望,指數基金
JXI,87.37,70.44,0.0,-12.09,82.0,反彈,⏳ 觀望,指數基金
JXN,114.3,53.24,62.37,-31.08,105.0,逆轉,⏳ 觀望,金融
JXX,27.04,68.56,0.0,-19.44,17.0,牛勢,⏳ 觀望,指數基金
KAI,316.12,39.12,66.45,-35.93,290.0,逆轉,⏳ 觀望,工業
KALV,19.18,62.04,57.98,-61.23,22.5,牛勢,⏳ 觀望,醫療
KARS,35.74,79.76,98.26,-24.92,34.0,逆轉,⏳ 觀望,指數基金
KB,106.82,65.8,75.99,-35.5,100.0,逆轉,⏳ 觀望,金融
KBA,32.57,70.4,0.0,-16.63,21.0,逆轉,⏳ 觀望,指數基金
KBE,64.38,82.5,76.12,-21.88,56.0,逆轉,⏳ 觀望,指數基金
KBH,55.44,63.95,65.59,-35.33,45.0,逆轉,⏳ 觀望,消費
KBWD,13.12,51.49,60.61,-15.38,13.0,逆轉,⏳ 觀望,指數基金
KBWY,16.67,71.42,24.5,-16.18,15.0,逆轉,⏳ 觀望,指數基金
KD,13.6,69.91,57.43,-92.14,11.0,牛勢,⏳ 觀望,科技
KDP,28.18,66.78,62.38,-27.75,25.0,逆轉,⏳ 觀望,防禦性消費
KE,27.16,79.27,0.0,-52.52,17.5,牛勢,⏳ 觀望,工業
KFRC,37.1,77.33,68.56,-61.91,25.0,牛勢,⏳ 觀望,工業
KFY,66.12,66.28,62.68,-26.83,50.0,逆轉,⏳ 觀望,工業
KGRN,28.74,60.85,0.0,-22.95,17.0,反彈,⏳ 觀望,指數基金
KIE,57.78,75.58,64.43,-16.18,55.0,反彈,⏳ 觀望,指數基金
KLAC,1899.9,68.4,51.88,-44.62,1620.0,牛勢,⏳ 觀望,科技
KLIP,26.46,70.82,0.0,-14.82,26.0,止跌回升,⏳ 觀望,指數基金
KMB,98.55,64.13,64.96,-25.0,95.0,反彈,⏳ 觀望,Consumer Defensive
KMI,30.95,73.33,68.25,-19.47,29.0,反彈,⏳ 觀望,能源
KMPR,33.15,60.74,56.06,-41.02,30.0,逆轉,⏳ 觀望,金融
KMX,38.1,56.94,62.54,-53.94,37.5,止跌回升,⏳ 觀望,消費
KNCT,148.88,84.63,0.0,-18.61,123.0,牛勢,⏳ 觀望,指數基金
KNF,89.0,71.34,65.73,-45.4,80.0,牛勢,⏳ 觀望,Basic Materials
KNOP,10.82,67.79,0.0,-36.66,10.0,牛勢,⏳ 觀望,能源
KNSL,327.86,76.88,74.03,-32.0,350.0,止跌回升,⏳ 觀望,金融
KNTK,47.7,67.97,52.64,-36.31,35.0,牛勢,⏳ 觀望,能源
KNX,64.69,73.1,59.03,-37.1,42.5,牛勢,⏳ 觀望,工業
KOD,44.09,68.15,62.3,-124.26,35.0,牛勢,⏳ 觀望,醫療
KOF,100.86,69.84,72.24,-25.32,95.0,逆轉,⏳ 觀望,防禦性消費
KOP,41.37,64.77,0.0,-36.57,25.0,牛勢,⏳ 觀望,原物料
KPDD,8.09,89.97,0.0,-67.48,8.0,止跌回升,⏳ 觀望,指數基金
KR,65.86,62.98,56.1,-26.43,65.0,反彈,⏳ 觀望,Consumer Defensive
KRC,32.6,62.69,67.93,-27.19,27.5,牛勢,⏳ 觀望,Real Estate
KRE,69.99,80.14,59.84,-23.58,63.0,逆轉,⏳ 觀望,指數基金
KROP,34.3,76.13,0.0,-15.86,30.0,止跌回升,⏳ 觀望,指數基金
KRYS,272.48,53.67,65.63,-41.05,260.0,逆轉,⏳ 觀望,醫療
KSA,38.98,78.54,65.63,-16.46,37.0,反彈,⏳ 觀望,指數基金
KSPY,29.11,11.06,98.67,-6.97,19.0,反彈,⏳ 觀望,指數基金
KSS,15.26,61.49,63.49,-81.56,12.5,牛勢,⏳ 觀望,消費
KT,21.3,60.27,60.74,-20.93,20.0,止跌回升,⏳ 觀望,通訊
KTB,69.55,75.86,72.92,-45.94,50.0,牛勢,⏳ 觀望,消費
KTEC,13.96,45.17,96.77,-27.39,5.0,止跌回升,⏳ 觀望,指數基金
KVLE,26.86,67.38,0.0,-11.13,16.0,逆轉,⏳ 觀望,指數基金
KWR,140.76,70.1,30.09,-39.96,130.0,牛勢,⏳ 觀望,Basic Materials
KYMR,86.69,66.54,62.73,-68.61,80.0,牛勢,⏳ 觀望,醫療
L,111.23,80.94,68.07,-14.41,105.0,反彈,⏳ 觀望,金融
LABU,184.5,67.37,62.27,-75.94,175.0,牛勢,⏳ 觀望,指數基金
LAD,276.95,65.02,56.83,-31.37,260.0,逆轉,⏳ 觀望,消費
LAND,9.86,67.25,61.04,-29.32,10.0,止跌回升,⏳ 觀望,Real Estate
LAZ,49.29,65.06,54.03,-36.36,44.0,牛勢,⏳ 觀望,金融
LB,69.42,48.45,63.32,-60.54,65.0,牛勢,⏳ 觀望,能源
LBRDK,40.59,64.83,56.22,-49.38,35.0,止跌回升,⏳ 觀望,通訊
LBRT,32.51,62.85,54.3,-59.99,25.0,牛勢,⏳ 觀望,能源
LC,19.7,45.19,65.83,-55.04,14.0,牛勢,⏳ 觀望,金融
LCID,5.96,61.6,61.71,-73.46,5.0,止跌回升,⏳ 觀望,消費
LCII,120.0,44.58,60.04,-32.35,110.0,止跌回升,⏳ 觀望,消費
LEA,125.62,67.89,78.89,-31.81,100.0,逆轉,⏳ 觀望,消費
LECO,261.31,70.19,60.96,-26.74,250.0,逆轉,⏳ 觀望,工業
LEGH,21.48,87.66,0.0,-34.09,20.0,逆轉,⏳ 觀望,消費
LEN,93.5,73.82,62.55,-35.84,85.0,逆轉,⏳ 觀望,消費
LENZ,9.74,76.48,60.63,-80.6,10.0,牛勢,⏳ 觀望,醫療
LEU,222.04,63.69,55.53,-91.89,185.0,牛勢,⏳ 觀望,能源
LGIH,45.38,73.36,64.98,-58.08,40.0,牛勢,⏳ 觀望,消費
LGND,241.67,69.43,77.77,-34.0,190.0,牛勢,⏳ 觀望,醫療
LH,263.4,71.56,58.9,-23.38,240.0,止跌回升,⏳ 觀望,醫療
LI,17.96,65.69,56.55,-37.96,16.0,反彈,⏳ 觀望,消費
LIF,44.38,75.64,74.6,-67.24,50.0,逆轉,⏳ 觀望,科技
LII,502.29,57.67,65.71,-33.7,450.0,逆轉,⏳ 觀望,工業
LINE,36.12,71.38,63.35,-39.43,30.0,逆轉,⏳ 觀望,Real Estate
LIVN,65.82,72.49,70.8,-39.07,57.5,反彈,⏳ 觀望,醫療
LKQ,31.19,61.44,45.37,-33.05,30.0,逆轉,⏳ 觀望,消費
LLYVK,93.85,85.46,66.28,-30.01,80.0,逆轉,⏳ 觀望,通訊
LLYX,15.28,64.15,48.32,-78.71,14.0,止跌回升,⏳ 觀望,指數基金
LMAT,114.69,63.54,80.97,-36.15,95.0,牛勢,⏳ 觀望,醫療
LMB,93.02,90.5,74.27,-55.08,75.0,牛勢,⏳ 觀望,工業
LMBS,50.02,63.6,50.06,-1.88,55.0,止跌回升,⏳ 觀望,指數基金
LMND,65.6,62.25,49.27,-79.79,60.0,牛勢,⏳ 觀望,金融
LNC,37.56,65.03,52.78,-33.12,30.0,逆轉,⏳ 觀望,金融
LNN,108.82,80.1,0.0,-28.11,100.0,逆轉,⏳ 觀望,工業
LNSR,5.17,60.16,0.0,-55.67,5.0,止跌回升,⏳ 觀望,醫療
LNT,72.44,63.55,67.39,-15.22,65.0,逆轉,⏳ 觀望,公用事業
LOGI,95.1,81.11,78.94,-31.58,100.0,逆轉,⏳ 觀望,科技
LOPE,165.38,63.73,64.34,-30.89,150.0,逆轉,⏳ 觀望,Consumer Defensive
LOW,242.51,58.15,63.03,-24.53,240.0,逆轉,⏳ 觀望,消費
LPX,76.54,77.81,42.04,-38.85,70.0,逆轉,⏳ 觀望,工業
LQD,109.29,70.94,56.3,-5.44,108.0,止跌回升,⏳ 觀望,指數基金
LRGF,68.43,81.95,90.54,-12.51,64.0,逆轉,⏳ 觀望,指數基金
LRN,97.86,68.27,59.34,-87.36,95.0,牛勢,⏳ 觀望,Consumer Defensive
LRNZ,44.86,64.52,0.0,-26.9,38.0,牛勢,⏳ 觀望,指數基金
LTBR,13.04,56.41,62.31,-102.45,12.5,牛勢,⏳ 觀望,工業
LTC,38.4,71.26,57.97,-17.55,35.0,逆轉,⏳ 觀望,Real Estate
LTM,49.05,60.45,58.01,-35.7,45.0,反彈,⏳ 觀望,工業
LUV,38.24,54.81,60.52,-42.76,35.0,反彈,⏳ 觀望,工業
LVHD,43.42,63.55,0.0,-9.56,35.0,止跌回升,⏳ 觀望,指數基金
LVHI,40.44,73.86,62.77,-8.82,38.68,反彈,⏳ 觀望,指數基金
LW,43.33,54.73,62.46,-45.82,40.0,逆轉,⏳ 觀望,Consumer Defensive
LXP,49.4,62.11,56.13,-22.61,45.0,逆轉,⏳ 觀望,Real Estate
LYTS,22.68,81.23,58.33,-38.32,5.0,牛勢,⏳ 觀望,科技
LYV,156.6,69.97,68.35,-30.1,110.0,逆轉,⏳ 觀望,通訊
LZB,35.92,62.92,57.01,-36.59,35.0,逆轉,⏳ 觀望,消費
M,20.02,60.51,60.9,-43.58,19.0,牛勢,⏳ 觀望,消費
MAGN,10.36,66.81,50.57,-62.37,7.5,逆轉,⏳ 觀望,防禦性消費
MAGX,56.63,88.5,83.04,-42.1,50.0,牛勢,⏳ 觀望,指數基金
MAMA,14.14,60.09,55.6,-48.03,12.5,止跌回升,⏳ 觀望,Consumer Defensive
MAN,29.96,65.17,49.88,-48.54,25.0,牛勢,⏳ 觀望,工業
MANH,138.07,64.85,63.29,-35.78,95.0,逆轉,⏳ 觀望,科技
MANU,17.22,61.44,55.63,-36.07,15.0,逆轉,⏳ 觀望,通訊
MAR,360.65,62.19,53.29,-25.86,362.5,逆轉,⏳ 觀望,消費
MARA,11.18,62.3,60.54,-77.86,8.0,牛勢,⏳ 觀望,金融
MARO,6.18,79.68,55.94,-61.73,11.0,牛勢,⏳ 觀望,指數基金
MAT,14.72,67.26,60.31,-45.08,14.0,反彈,⏳ 觀望,消費
MATW,28.3,66.56,0.0,-34.58,25.0,牛勢,⏳ 觀望,工業
MATX,176.64,68.85,63.56,-41.74,60.0,牛勢,⏳ 觀望,工業
MAZE,26.5,60.38,50.27,-93.89,25.0,反彈,⏳ 觀望,醫療
MBC,9.32,49.32,63.82,-49.77,10.0,牛勢,⏳ 觀望,消費
MBIN,48.98,66.81,88.26,-36.51,25.0,牛勢,⏳ 觀望,金融
MBWM,53.33,60.32,0.0,-25.3,45.0,反彈,⏳ 觀望,金融
MBX,32.0,70.97,51.1,-111.27,12.5,牛勢,⏳ 觀望,醫療
MC,70.27,80.11,74.42,-35.23,55.0,牛勢,⏳ 觀望,金融
MCB,87.98,48.45,68.28,-32.88,85.0,牛勢,⏳ 觀望,金融
MCFT,23.47,77.05,0.0,-39.64,15.0,牛勢,⏳ 觀望,消費
MCHI,57.13,81.1,45.12,-19.92,58.0,止跌回升,⏳ 觀望,指數基金
MCO,460.93,81.42,72.37,-26.01,400.0,逆轉,⏳ 觀望,金融
MCS,18.62,65.36,0.0,-33.47,12.5,牛勢,⏳ 觀望,通訊
MCW,7.08,64.49,46.49,-36.71,5.0,牛勢,⏳ 觀望,消費
MDGL,519.65,46.06,65.31,-43.78,470.0,牛勢,⏳ 觀望,醫療
MDIV,16.47,38.28,84.57,-6.62,14.0,止跌回升,⏳ 觀望,指數基金
MDST,0.0,90.0,0.0,-11.28,18.0,反彈,⏳ 觀望,指數基金
MDU,21.95,75.42,67.81,-21.94,15.0,逆轉,⏳ 觀望,公用事業
MDWD,16.57,69.28,0.0,-40.04,17.0,逆轉,⏳ 觀望,醫療
MDY,664.9,86.42,73.86,-15.74,655.0,逆轉,⏳ 觀望,指數基金
MDYG,103.74,83.08,83.08,-17.03,75.0,逆轉,⏳ 觀望,指數基金
MDYV,89.34,69.34,0.0,-15.57,77.0,逆轉,⏳ 觀望,指數基金
MEDP,421.32,73.7,58.43,-63.13,560.0,逆轉,⏳ 觀望,醫療
MEG,21.04,78.25,51.23,-54.37,20.0,止跌回升,⏳ 觀望,工業
MESO,15.36,63.61,67.75,-64.07,15.0,逆轉,⏳ 觀望,醫療
MET,77.69,69.33,59.86,-22.84,70.0,逆轉,⏳ 觀望,金融
MFG,8.29,54.14,62.56,-29.39,5.0,逆轉,⏳ 觀望,金融
MGA,62.28,75.91,79.12,-33.3,55.0,牛勢,⏳ 觀望,消費
MGC,261.73,69.86,72.4,-12.76,225.0,逆轉,⏳ 觀望,指數基金
MGV,149.48,70.45,47.38,-10.16,152.0,反彈,⏳ 觀望,指數基金
MGY,29.56,60.29,52.6,-30.08,17.5,牛勢,⏳ 觀望,能源
MHK,108.0,91.87,77.29,-35.06,95.0,逆轉,⏳ 觀望,消費
MHO,134.15,68.53,57.45,-33.57,110.0,逆轉,⏳ 觀望,消費
MIDD,142.73,68.98,61.9,-37.71,130.0,逆轉,⏳ 觀望,工業
MIR,19.27,60.7,52.95,-51.99,17.5,逆轉,⏳ 觀望,工業
MIRM,92.41,70.23,72.52,-41.69,90.0,逆轉,⏳ 觀望,醫療
MJ,28.56,60.12,39.38,-80.62,25.0,牛勢,⏳ 觀望,指數基金
MKTX,160.14,62.31,61.98,-26.22,155.0,止跌回升,⏳ 觀望,金融
MLI,136.55,63.07,60.82,-28.62,115.0,牛勢,⏳ 觀望,工業
MLKN,17.16,70.91,72.33,-47.31,15.0,牛勢,⏳ 觀望,消費
MLM,609.77,62.68,51.67,-23.76,630.0,逆轉,⏳ 觀望,Basic Materials
MLN,16.76,82.11,62.41,-4.34,9.0,止跌回升,⏳ 觀望,指數基金
MLPA,53.39,70.19,44.21,-11.99,48.0,反彈,⏳ 觀望,指數基金
MLPX,71.63,60.66,54.42,-14.13,69.0,逆轉,⏳ 觀望,指數基金
MMI,25.62,65.37,87.2,-30.21,25.0,逆轉,⏳ 觀望,Real Estate
MMSI,67.87,63.58,64.33,-27.77,80.0,止跌回升,⏳ 觀望,醫療
MMYT,47.22,69.07,78.33,-49.17,40.0,牛勢,⏳ 觀望,消費
MNDY,67.98,62.3,63.61,-63.03,60.0,牛勢,⏳ 觀望,科技
MNRO,17.51,87.47,73.35,-63.67,15.0,逆轉,⏳ 觀望,消費
MO,66.04,68.9,53.18,-20.79,67.5,逆轉,⏳ 觀望,Consumer Defensive
MOMO,6.18,57.99,67.58,-31.97,4.74,逆轉,⏳ 觀望,通訊
MORN,177.69,62.69,64.18,-29.58,160.0,牛勢,⏳ 觀望,金融
MPT,5.14,72.27,65.5,-36.38,4.0,逆轉,⏳ 觀望,Real Estate
MPWR,1581.73,70.1,60.39,-44.88,1060.0,牛勢,⏳ 觀望,科技
MQQQ,202.2,98.94,0.0,-32.4,80.0,牛勢,⏳ 觀望,指數基金
MSA,170.92,62.95,42.94,-22.93,160.0,反彈,⏳ 觀望,工業
MSDL,15.05,79.66,52.06,-20.19,13.0,逆轉,⏳ 觀望,金融
MSEX,53.43,71.1,73.92,-31.02,45.0,反彈,⏳ 觀望,公用事業
MSFX,19.74,63.09,45.79,-49.17,17.0,牛勢,⏳ 觀望,指數基金
MSGS,335.36,74.16,65.96,-27.96,290.0,牛勢,⏳ 觀望,通訊
MSM,104.3,67.27,66.42,-26.77,90.0,牛勢,⏳ 觀望,工業
MSTY,25.8,61.57,52.9,-57.77,23.0,牛勢,⏳ 觀望,指數基金
MTB,217.94,79.82,80.22,-21.93,200.0,逆轉,⏳ 觀望,金融
MTD,1274.11,66.35,0.0,-28.92,1300.0,反彈,⏳ 觀望,醫療
MTDR,61.18,83.71,78.38,-39.54,45.0,牛勢,⏳ 觀望,能源
MTG,29.04,69.82,57.45,-22.17,25.0,逆轉,⏳ 觀望,金融
MTN,120.49,76.79,70.86,-33.58,130.0,止跌回升,⏳ 觀望,消費
MTUM,280.63,60.54,56.26,-17.76,265.0,牛勢,⏳ 觀望,指數基金
MTUS,19.38,66.56,0.0,-43.24,12.5,牛勢,⏳ 觀望,Basic Materials
MTW,13.38,68.08,0.0,-47.38,10.0,牛勢,⏳ 觀望,工業
MUFG,17.45,46.07,61.22,-25.58,15.0,反彈,⏳ 觀望,金融
MUR,39.37,59.13,65.43,-46.28,37.5,牛勢,⏳ 觀望,能源
MUSA,517.32,70.33,57.18,-37.15,380.0,牛勢,⏳ 觀望,消費
MVO,2.58,61.11,37.79,-129.94,10.0,牛勢,⏳ 觀望,能源
MWA,28.34,68.58,63.85,-28.05,25.0,反彈,⏳ 觀望,工業
MYRG,348.25,68.62,54.35,-41.55,310.0,牛勢,⏳ 觀望,工業
MZTI,127.52,62.12,57.51,-30.53,125.0,止跌回升,⏳ 觀望,防禦性消費
NABL,5.18,51.09,61.71,-42.79,2.5,牛勢,⏳ 觀望,科技
NBHC,41.41,80.15,74.0,-25.47,45.0,逆轉,⏳ 觀望,金融
NBIX,128.05,53.8,60.47,-30.06,125.0,反彈,⏳ 觀望,醫療
NBR,90.68,61.19,67.2,-62.67,15.0,牛勢,⏳ 觀望,能源
NBTB,44.02,63.76,63.76,-25.45,40.0,逆轉,⏳ 觀望,金融
NDSN,283.55,67.9,63.09,-21.64,270.0,逆轉,⏳ 觀望,工業
NE,53.6,70.04,66.62,-40.84,20.0,牛勢,⏳ 觀望,能源
NEAR,50.75,84.62,59.34,-1.33,42.0,止跌回升,⏳ 觀望,指數基金
NEE,95.04,65.18,62.93,-23.96,75.0,逆轉,⏳ 觀望,公用事業
NEM,116.05,59.1,60.11,-45.55,100.0,牛勢,⏳ 觀望,原物料
NEO,8.8,66.84,71.64,-72.22,9.0,牛勢,⏳ 觀望,醫療
NEOG,9.45,71.7,68.52,-61.44,7.5,逆轉,⏳ 觀望,醫療
NEU,696.09,75.57,0.0,-31.04,710.0,牛勢,⏳ 觀望,Basic Materials
NFG,88.84,78.29,63.84,-19.39,85.0,逆轉,⏳ 觀望,能源
NFLU,28.2,44.6,65.24,-66.49,25.0,牛勢,⏳ 觀望,指數基金
NFLY,10.19,66.26,51.28,-27.32,10.0,逆轉,⏳ 觀望,指數基金
NGNE,27.04,65.13,72.15,-95.12,30.0,牛勢,⏳ 觀望,醫療
NHC,170.45,83.63,82.22,-30.17,175.0,牛勢,⏳ 觀望,醫療
NIC,148.11,50.02,60.86,-30.2,140.0,反彈,⏳ 觀望,金融
NICE,100.97,57.84,62.66,-42.42,85.0,反彈,⏳ 觀望,科技
NLY,22.85,56.64,64.29,-18.68,21.0,逆轉,⏳ 觀望,Real Estate
NMFC,8.15,72.97,73.62,-22.04,12.5,逆轉,⏳ 觀望,金融
NMR,7.76,55.31,63.44,-28.58,7.5,反彈,⏳ 觀望,金融
NNE,25.9,65.27,48.67,-94.14,21.0,牛勢,⏳ 觀望,工業
NNI,141.19,74.43,0.0,-20.75,150.0,逆轉,⏳ 觀望,金融
NOAH,10.4,72.6,0.0,-34.66,10.0,反彈,⏳ 觀望,金融
NOG,26.88,64.15,60.29,-44.8,20.0,逆轉,⏳ 觀望,能源
NOV,20.54,39.03,69.28,-37.28,14.0,逆轉,⏳ 觀望,能源
NOVT,132.99,54.42,69.24,-45.75,125.0,逆轉,⏳ 觀望,科技
NPO,293.29,66.44,46.21,-34.09,270.0,牛勢,⏳ 觀望,工業
NRIX,16.5,69.37,67.38,-61.52,15.0,牛勢,⏳ 觀望,醫療
NSA,43.32,60.67,55.97,-36.85,45.0,牛勢,⏳ 觀望,房地產
NSP,33.66,53.1,60.13,-63.05,20.0,牛勢,⏳ 觀望,工業
NTAP,108.44,82.51,82.72,-30.17,100.0,逆轉,⏳ 觀望,科技
NTCT,33.24,67.4,51.08,-28.11,25.0,牛勢,⏳ 觀望,科技
NTES,112.11,66.56,70.74,-31.24,105.0,止跌回升,⏳ 觀望,通訊
NTRA,204.38,56.56,62.49,-38.9,190.0,逆轉,⏳ 觀望,醫療
NTSX,56.6,39.05,89.38,-12.57,54.0,逆轉,⏳ 觀望,指數基金
NUS,7.47,64.72,63.87,-55.94,7.5,反彈,⏳ 觀望,防禦性消費
NUVB,4.65,69.1,56.76,-89.07,5.0,逆轉,⏳ 觀望,醫療
NUVL,104.04,71.83,60.58,-42.14,95.0,逆轉,⏳ 觀望,醫療
NVDW,42.66,64.21,0.0,-39.57,35.0,牛勢,⏳ 觀望,指數基金
NVMI,530.43,82.6,61.43,-49.6,460.0,牛勢,⏳ 觀望,科技
NVRI,19.35,60.27,64.8,-40.12,17.5,逆轉,⏳ 觀望,工業
NVST,26.76,62.84,53.1,-38.52,25.0,逆轉,⏳ 觀望,醫療
NWBI,13.5,64.71,60.51,-23.75,10.0,逆轉,⏳ 觀望,金融
NWL,4.18,66.38,52.88,-59.16,3.0,牛勢,⏳ 觀望,防禦性消費
NWPX,84.21,67.36,0.0,-35.58,95.0,牛勢,⏳ 觀望,原物料
NWS,29.98,86.6,86.58,-23.53,20.0,牛勢,⏳ 觀望,通訊
NWSA,26.4,65.03,65.02,-22.96,22.5,牛勢,⏳ 觀望,通訊
NXE,12.47,69.69,58.32,-51.91,10.0,牛勢,⏳ 觀望,能源
NXRT,26.37,76.31,0.0,-25.66,25.0,逆轉,⏳ 觀望,房地產
NXST,204.78,68.86,43.12,-33.64,160.0,牛勢,⏳ 觀望,通訊
NXT,122.5,46.17,60.57,-60.48,90.0,牛勢,⏳ 觀望,科技
NYT,80.18,64.33,69.58,-25.73,80.0,牛勢,⏳ 觀望,通訊
NZAC,36.83,61.33,0.0,-12.77,37.0,逆轉,⏳ 觀望,指數基金
O,62.9,66.09,64.54,-15.24,57.5,反彈,⏳ 觀望,Real Estate
OBK,46.51,65.52,65.02,-25.5,40.0,牛勢,⏳ 觀望,金融
OC,125.53,65.29,58.8,-35.68,100.0,牛勢,⏳ 觀望,工業
OCSL,12.35,78.57,63.57,-21.96,10.0,逆轉,⏳ 觀望,金融
OGS,88.02,70.83,68.52,-17.67,70.0,逆轉,⏳ 觀望,公用事業
OHI,46.68,81.01,71.93,-19.26,42.0,逆轉,⏳ 觀望,Real Estate
OI,10.6,69.19,60.24,-41.31,10.0,反彈,⏳ 觀望,消費
OIH,437.37,50.99,63.66,-29.33,400.0,牛勢,⏳ 觀望,指數基金
OII,38.01,47.68,69.95,-41.11,15.0,牛勢,⏳ 觀望,能源
OKE,87.73,70.83,71.37,-25.08,75.0,逆轉,⏳ 觀望,能源
OKTA,76.21,55.58,60.43,-44.62,70.0,牛勢,⏳ 觀望,科技
OLLI,91.91,65.16,63.35,-35.28,85.0,反彈,⏳ 觀望,Consumer Defensive
OLMA,15.3,60.27,63.84,-121.2,32.0,逆轉,⏳ 觀望,醫療
OMAB,110.93,73.77,0.0,-30.15,115.0,反彈,⏳ 觀望,工業
OMAH,18.24,80.55,74.38,-8.13,17.0,反彈,⏳ 觀望,指數基金
OMC,76.01,68.67,67.57,-33.53,75.0,逆轉,⏳ 觀望,通訊
OMCL,37.64,60.04,63.7,-48.49,60.0,牛勢,⏳ 觀望,醫療
OMER,14.81,69.37,55.36,-142.59,9.0,牛勢,⏳ 觀望,醫療
OMFL,65.05,67.43,58.83,-12.23,55.0,逆轉,⏳ 觀望,指數基金
ON,97.87,60.42,58.89,-51.37,97.0,牛勢,⏳ 觀望,科技
OPCH,27.92,55.28,66.65,-30.91,25.0,反彈,⏳ 觀望,醫療
OPLN,31.71,56.67,62.4,-31.82,22.5,牛勢,⏳ 觀望,消費
OPRA,16.9,64.57,58.43,-50.37,16.0,牛勢,⏳ 觀望,通訊
ORA,114.04,70.24,58.98,-27.77,100.0,逆轉,⏳ 觀望,公用事業
ORGO,2.38,58.27,69.34,-91.06,2.5,反彈,⏳ 觀望,醫療
ORI,40.24,86.8,72.61,-22.55,35.0,反彈,⏳ 觀望,金融
ORLA,14.4,66.09,49.55,-75.07,12.5,逆轉,⏳ 觀望,Basic Materials
ORRF,36.52,61.43,0.0,-26.34,35.0,逆轉,⏳ 觀望,金融
OSBC,20.38,50.81,69.05,-26.44,17.5,反彈,⏳ 觀望,金融
OSIS,291.0,73.97,67.44,-38.89,280.0,逆轉,⏳ 觀望,科技
OSK,148.01,82.1,71.78,-36.2,145.0,逆轉,⏳ 觀望,工業
OTEX,22.5,69.45,76.07,-33.46,22.5,逆轉,⏳ 觀望,科技
OTLY,11.87,63.17,0.0,-58.09,10.0,牛勢,⏳ 觀望,防禦性消費
OTTR,89.01,78.12,77.0,-22.37,85.0,反彈,⏳ 觀望,工業
OUST,27.09,68.77,64.27,-92.62,20.0,牛勢,⏳ 觀望,科技
OVID,2.7,61.9,46.36,-105.79,2.5,牛勢,⏳ 觀望,醫療
OVV,56.68,61.31,64.47,-35.45,28.0,牛勢,⏳ 觀望,能源
OWLT,5.25,78.59,56.13,-88.94,5.0,牛勢,⏳ 觀望,醫療
OXM,44.09,87.18,69.32,-64.18,35.0,牛勢,⏳ 觀望,消費
OZK,48.2,49.3,68.97,-24.92,45.0,逆轉,⏳ 觀望,金融
P,77.0,56.37,62.32,-62.54,55.0,牛勢,⏳ 觀望,科技
PAA,21.88,66.93,63.53,-19.11,17.0,逆轉,⏳ 觀望,能源
PACB,1.58,66.13,63.12,-86.07,6.0,牛勢,⏳ 觀望,醫療
PAG,160.14,80.81,79.98,-24.22,135.0,逆轉,⏳ 觀望,消費
PAGP,23.4,63.38,56.2,-18.97,15.0,逆轉,⏳ 觀望,能源
PALL,133.7,35.74,66.96,-49.77,120.0,反彈,⏳ 觀望,指數基金
PANW,182.57,62.92,51.11,-34.42,160.0,牛勢,⏳ 觀望,科技
PARR,64.39,60.29,42.27,-55.14,55.0,牛勢,⏳ 觀望,能源
PAVE,56.26,94.34,79.66,-18.15,40.87,逆轉,⏳ 觀望,指數基金
PAX,12.73,53.13,67.15,-27.58,12.5,逆轉,⏳ 觀望,金融
PAYC,123.92,65.69,62.34,-35.27,120.0,牛勢,⏳ 觀望,科技
PB,68.66,77.74,70.54,-23.16,65.0,逆轉,⏳ 觀望,金融
PBA,43.36,71.28,68.64,-18.96,35.0,反彈,⏳ 觀望,能源
PBD,20.39,91.29,0.0,-22.02,16.0,逆轉,⏳ 觀望,指數基金
PBW,37.34,60.39,40.43,-39.11,33.0,牛勢,⏳ 觀望,指數基金
PCAR,127.18,66.6,67.56,-25.13,120.0,逆轉,⏳ 觀望,工業
PCRX,25.57,78.31,65.85,-36.64,25.0,牛勢,⏳ 觀望,醫療
PD,6.8,60.61,50.12,-55.82,5.0,牛勢,⏳ 觀望,科技
PDBA,36.78,97.16,78.9,-10.22,25.0,反彈,⏳ 觀望,指數基金
PDLB,17.59,70.06,0.0,-23.18,20.0,逆轉,⏳ 觀望,金融
PDM,8.24,49.99,62.11,-36.06,7.5,牛勢,⏳ 觀望,Real Estate
PEBO,34.52,91.55,65.72,-23.1,30.0,逆轉,⏳ 觀望,金融
PENG,29.4,68.85,66.81,-52.05,10.0,牛勢,⏳ 觀望,科技
PEY,22.0,52.2,74.19,-14.16,19.0,反彈,⏳ 觀望,指數基金
PFBC,95.13,71.0,0.0,-25.35,85.0,逆轉,⏳ 觀望,金融
PFFA,21.52,68.78,62.35,-7.43,20.0,反彈,⏳ 觀望,指數基金
PFG,99.79,81.89,81.16,-22.24,70.0,逆轉,⏳ 觀望,金融
PFS,22.82,79.33,79.4,-26.79,25.0,逆轉,⏳ 觀望,金融
PFXF,18.64,61.68,58.56,-8.72,17.0,反彈,⏳ 觀望,指數基金
PGC,41.39,77.65,81.31,-32.17,25.0,牛勢,⏳ 觀望,金融
PGNY,18.41,75.59,63.69,-51.33,17.5,逆轉,⏳ 觀望,醫療
PGX,11.16,68.17,59.26,-6.23,11.0,止跌回升,⏳ 觀望,指數基金
PHAT,12.06,85.3,66.48,-101.79,5.0,逆轉,⏳ 觀望,醫療
PHIN,72.14,67.48,64.79,-28.43,72.5,逆轉,⏳ 觀望,消費
PHM,128.26,75.17,68.32,-33.09,120.0,逆轉,⏳ 觀望,消費
PHVS,28.55,72.98,72.65,-62.3,25.0,逆轉,⏳ 觀望,醫療
PI,122.21,48.86,67.12,-71.27,170.0,牛勢,⏳ 觀望,科技
PID,22.69,71.08,48.09,-9.19,24.0,止跌回升,⏳ 觀望,指數基金
PII,59.81,68.63,54.48,-54.09,50.0,牛勢,⏳ 觀望,消費
PINK,34.59,82.93,82.93,-18.67,33.0,反彈,⏳ 觀望,指數基金
PINS,20.41,63.9,63.33,-50.41,18.0,牛勢,⏳ 觀望,通訊
PIT,74.11,62.38,0.0,-20.61,62.0,牛勢,⏳ 觀望,指數基金
PKB,106.34,80.12,0.0,-22.25,106.0,逆轉,⏳ 觀望,指數基金
PKBK,30.12,64.8,0.0,-21.86,35.0,逆轉,⏳ 觀望,金融
PKE,33.94,70.66,52.02,-38.92,20.0,牛勢,⏳ 觀望,工業
PKG,212.52,76.6,63.09,-25.64,210.0,反彈,⏳ 觀望,消費
PKOH,26.73,65.34,0.0,-43.18,17.5,牛勢,⏳ 觀望,工業
PKST,20.98,61.19,61.16,-40.52,17.5,牛勢,⏳ 觀望,房地產
PKW,136.54,64.8,0.0,-13.64,134.0,反彈,⏳ 觀望,指數基金
PKX,71.04,77.6,0.0,-39.09,50.0,牛勢,⏳ 觀望,原物料
PLD,140.03,67.52,50.62,-21.08,135.0,逆轉,⏳ 觀望,房地產
PLSE,23.1,78.41,79.12,-72.51,25.0,牛勢,⏳ 觀望,醫療
PLTW,23.5,64.86,51.78,-63.21,23.0,逆轉,⏳ 觀望,指數基金
PLXS,249.32,65.78,63.87,-38.04,155.0,牛勢,⏳ 觀望,科技
PNFP,97.17,70.0,56.58,-31.36,95.0,牛勢,⏳ 觀望,金融
PNR,92.31,65.2,58.73,-26.34,85.0,反彈,⏳ 觀望,工業
PNTG,29.36,78.92,91.15,-37.51,25.0,逆轉,⏳ 觀望,醫療
PNW,102.45,59.23,66.2,-15.77,100.0,逆轉,⏳ 觀望,公用事業
POOL,225.24,62.11,63.0,-32.71,220.0,逆轉,⏳ 觀望,工業
POST,103.8,61.3,68.42,-24.57,90.0,逆轉,⏳ 觀望,Consumer Defensive
POWI,70.57,73.14,70.72,-50.6,40.0,牛勢,⏳ 觀望,科技
POWR,27.9,71.67,66.63,-15.79,24.93,逆轉,⏳ 觀望,指數基金
PPG,111.0,78.19,76.79,-27.8,100.0,逆轉,⏳ 觀望,Basic Materials
PPIH,32.54,63.7,29.59,-70.49,25.0,逆轉,⏳ 觀望,工業
PPL,38.85,62.69,61.34,-16.29,30.0,逆轉,⏳ 觀望,公用事業
PPLT,180.13,45.1,66.92,-50.32,170.0,反彈,⏳ 觀望,指數基金
PRA,24.7,81.88,63.25,-4.98,22.5,止跌回升,⏳ 觀望,金融
PRAX,330.84,73.56,60.49,-125.43,320.0,牛勢,⏳ 觀望,醫療
PRCT,24.02,74.65,55.32,-56.12,22.5,牛勢,⏳ 觀望,醫療
PRDO,32.48,66.15,50.07,-35.97,30.0,逆轉,⏳ 觀望,防禦性消費
PRF,50.9,59.49,61.27,-10.96,46.0,逆轉,⏳ 觀望,指數基金
PRG,30.0,61.27,64.85,-38.27,30.0,逆轉,⏳ 觀望,工業
PRI,279.48,82.56,0.0,-21.13,260.0,牛勢,⏳ 觀望,金融
PRIM,173.04,69.06,70.58,-45.49,150.0,牛勢,⏳ 觀望,工業
PRK,173.29,76.0,0.0,-25.3,90.0,逆轉,⏳ 觀望,金融
PRKS,34.24,83.43,74.73,-48.49,35.0,牛勢,⏳ 觀望,消費
PRLB,64.5,62.62,0.0,-42.57,50.0,牛勢,⏳ 觀望,工業
PRME,3.66,60.17,63.84,-102.58,2.0,牛勢,⏳ 觀望,醫療
PRN,228.0,89.63,0.0,-26.37,210.0,牛勢,⏳ 觀望,指數基金
PROF,6.73,78.62,0.0,-78.66,5.0,牛勢,⏳ 觀望,醫療
PRTA,11.99,66.84,61.55,-60.67,9.0,牛勢,⏳ 觀望,醫療
PRVA,23.52,65.58,60.36,-32.14,20.0,牛勢,⏳ 觀望,醫療
PSA,312.0,82.67,69.34,-21.63,260.0,逆轉,⏳ 觀望,Real Estate
PSCT,71.64,89.49,0.0,-28.84,59.0,牛勢,⏳ 觀望,指數基金
PSI,130.11,70.93,76.08,-36.09,115.0,牛勢,⏳ 觀望,指數基金
PSIL,19.56,50.65,70.54,-41.81,13.0,牛勢,⏳ 觀望,指數基金
PSK,31.47,61.54,0.0,-6.03,22.0,止跌回升,⏳ 觀望,指數基金
PSMT,155.08,71.04,83.39,-27.24,145.0,逆轉,⏳ 觀望,防禦性消費
PSNY,17.74,70.8,0.0,-89.94,15.0,牛勢,⏳ 觀望,消費
PSP,60.16,63.3,62.8,-18.91,60.0,逆轉,⏳ 觀望,指數基金
PTF,111.5,54.06,74.22,-35.96,120.0,牛勢,⏳ 觀望,指數基金
PUMP,17.21,60.19,45.59,-72.55,12.5,牛勢,⏳ 觀望,能源
PVH,93.38,65.48,61.9,-45.29,50.0,牛勢,⏳ 觀望,消費
PVLA,123.07,73.14,63.2,-77.76,80.0,牛勢,⏳ 觀望,醫療
PWB,142.76,65.58,0.0,-18.15,90.0,逆轉,⏳ 觀望,指數基金
PWP,21.86,71.73,68.85,-40.66,22.5,牛勢,⏳ 觀望,金融
PWR,637.63,62.74,70.28,-32.11,550.0,牛勢,⏳ 觀望,工業
PWRD,109.12,55.5,87.15,-22.58,120.0,逆轉,⏳ 觀望,指數基金
PWV,68.6,91.29,91.29,-9.62,58.0,反彈,⏳ 觀望,指數基金
PXE,36.4,84.49,94.42,-26.61,36.0,牛勢,⏳ 觀望,指數基金
PXF,70.08,67.05,52.81,-14.1,67.0,反彈,⏳ 觀望,指數基金
PXJ,45.0,62.77,0.0,-25.98,30.0,牛勢,⏳ 觀望,指數基金
PZA,23.34,78.42,45.05,-4.2,22.0,止跌回升,⏳ 觀望,指數基金
PZZA,37.37,61.88,63.05,-50.08,27.5,牛勢,⏳ 觀望,消費
QAI,35.44,61.47,82.49,-5.68,35.0,反彈,⏳ 觀望,指數基金
QCLN,57.22,69.38,97.92,-33.59,44.0,牛勢,⏳ 觀望,指數基金
QCRH,91.26,67.71,0.0,-25.42,85.0,逆轉,⏳ 觀望,金融
QDEF,81.65,78.71,0.0,-9.94,72.0,反彈,⏳ 觀望,指數基金
QDVO,29.56,74.1,61.67,-12.43,27.0,逆轉,⏳ 觀望,指數基金
QGRW,62.07,86.86,84.81,-17.69,60.0,牛勢,⏳ 觀望,指數基金
QLD,80.15,73.38,65.99,-32.06,70.0,牛勢,⏳ 觀望,指數基金
QLYS,85.14,78.18,67.0,-41.78,95.0,逆轉,⏳ 觀望,科技
QNST,13.15,60.33,68.28,-45.24,7.5,牛勢,⏳ 觀望,通訊
QQQ,663.63,65.72,56.94,-16.05,600.0,逆轉,⏳ 觀望,指數基金
QQQA,66.02,93.85,0.0,-23.56,63.0,牛勢,⏳ 觀望,指數基金
QQQJ,40.29,41.2,79.1,-17.72,36.0,逆轉,⏳ 觀望,指數基金
QQQM,273.25,56.78,65.93,-16.02,220.0,逆轉,⏳ 觀望,指數基金
QRVO,85.84,73.33,60.09,-32.91,87.5,逆轉,⏳ 觀望,科技
QSR,78.85,54.85,64.63,-22.06,62.5,牛勢,⏳ 觀望,消費
QTOP,35.05,67.37,42.1,-17.36,31.0,牛勢,⏳ 觀望,指數基金
QTUM,131.99,68.69,61.72,-24.91,121.0,牛勢,⏳ 觀望,指數基金
QUAL,207.18,63.06,62.85,-12.37,193.0,逆轉,⏳ 觀望,指數基金
QUS,172.62,78.31,96.87,-9.55,170.0,反彈,⏳ 觀望,指數基金
QXO,20.45,68.13,73.7,-58.8,19.0,逆轉,⏳ 觀望,工業
QYLG,28.48,63.38,0.0,-12.12,28.22,逆轉,⏳ 觀望,指數基金
R,249.14,54.18,66.13,-33.52,185.0,牛勢,⏳ 觀望,工業
RAAX,41.3,74.93,66.44,-13.41,31.0,逆轉,⏳ 觀望,指數基金
RACE,347.81,71.07,64.44,-33.31,330.0,逆轉,⏳ 觀望,消費
RAMP,29.62,68.71,71.75,-41.94,25.0,牛勢,⏳ 觀望,科技
RAPP,35.45,91.35,75.43,-108.36,35.0,牛勢,⏳ 觀望,醫療
RARE,23.98,63.42,65.38,-79.84,22.5,牛勢,⏳ 觀望,醫療
RBA,107.77,63.89,57.51,-25.51,92.5,逆轉,⏳ 觀望,工業
RBCAA,75.12,74.0,0.0,-25.46,40.0,逆轉,⏳ 觀望,金融
RBRK,53.06,72.44,72.51,-59.34,45.0,牛勢,⏳ 觀望,科技
RC,1.88,68.58,62.61,-48.66,1.0,牛勢,⏳ 觀望,Real Estate
RCAT,11.73,65.77,55.74,-113.44,12.0,反彈,⏳ 觀望,工業
RCL,258.81,66.36,60.76,-43.33,260.0,止跌回升,⏳ 觀望,消費
RCUS,24.95,70.51,58.31,-62.61,22.5,牛勢,⏳ 觀望,醫療
RDNT,57.8,73.11,60.77,-41.32,50.0,逆轉,⏳ 觀望,醫療
RDTL,20.34,61.27,51.94,-128.52,13.0,牛勢,⏳ 觀望,指數基金
RDVI,27.58,64.15,37.31,-13.44,25.0,逆轉,⏳ 觀望,指數基金
RDVY,74.51,48.62,60.21,-14.25,61.0,逆轉,⏳ 觀望,指數基金
RDWR,26.46,62.3,0.0,-34.57,27.0,牛勢,⏳ 觀望,科技
REFI,12.22,57.14,73.63,-22.31,10.0,逆轉,⏳ 觀望,Real Estate
RELX,36.38,76.19,55.98,-28.7,30.0,牛勢,⏳ 觀望,工業
REMX,101.43,60.64,55.6,-45.83,70.0,牛勢,⏳ 觀望,指數基金
RES,7.84,62.26,64.55,-45.98,5.0,牛勢,⏳ 觀望,能源
REYN,20.84,77.77,63.62,-24.46,20.0,止跌回升,⏳ 觀望,消費
REZI,40.5,67.71,41.38,-53.22,22.5,牛勢,⏳ 觀望,工業
RF,28.28,79.84,74.07,-24.86,28.0,逆轉,⏳ 觀望,金融
RGEN,118.37,42.07,60.02,-43.84,120.0,反彈,⏳ 觀望,醫療
RGTI,16.93,67.55,62.04,-103.72,16.0,牛勢,🎯 進攻獵人 (BC),科技
RHI,26.16,78.93,70.48,-49.1,25.0,牛勢,⏳ 觀望,工業
RHP,101.87,64.98,51.17,-24.15,90.0,逆轉,⏳ 觀望,Real Estate
RIGL,30.54,62.14,61.58,-65.54,26.0,牛勢,⏳ 觀望,醫療
RIOX,32.05,72.57,46.02,-164.83,10.0,牛勢,⏳ 觀望,指數基金
RITM,10.12,60.34,56.4,-21.48,8.0,牛勢,⏳ 觀望,房地產
RJF,154.31,82.18,74.11,-24.14,145.0,逆轉,⏳ 觀望,金融
RL,370.54,64.18,63.95,-30.62,320.0,逆轉,⏳ 觀望,消費
RLI,51.46,56.94,60.76,-20.87,55.0,止跌回升,⏳ 觀望,金融
RLJ,8.04,64.55,46.53,-28.38,2.5,逆轉,⏳ 觀望,房地產
RLY,35.92,78.09,62.44,-9.85,35.0,反彈,⏳ 觀望,指數基金
RMAX,9.77,60.25,38.16,-51.06,5.0,牛勢,⏳ 觀望,房地產
RMBS,126.28,62.37,66.93,-71.77,120.0,牛勢,⏳ 觀望,科技
RMD,222.04,65.03,67.91,-21.06,200.0,止跌回升,⏳ 觀望,醫療
RMR,17.34,74.21,79.32,-26.84,15.0,牛勢,⏳ 觀望,Real Estate
RNG,40.41,80.95,69.77,-60.02,35.0,牛勢,⏳ 觀望,科技
RNR,311.08,77.98,63.24,-22.31,300.0,逆轉,⏳ 觀望,金融
RNST,40.03,73.51,60.41,-26.92,17.5,逆轉,⏳ 觀望,金融
ROAD,120.67,66.07,70.11,-44.39,95.0,逆轉,⏳ 觀望,工業
ROBO,80.78,73.14,42.62,-22.01,67.0,牛勢,⏳ 觀望,指數基金
ROKT,109.66,50.17,95.08,-25.78,80.0,逆轉,⏳ 觀望,指數基金
ROL,55.97,64.0,52.7,-22.84,52.5,反彈,⏳ 觀望,消費
ROOT,55.9,61.28,58.04,-67.54,40.0,牛勢,⏳ 觀望,金融
ROP,352.4,62.38,63.54,-23.51,350.0,逆轉,⏳ 觀望,科技
RPG,53.81,54.84,68.0,-19.38,41.0,牛勢,⏳ 觀望,指數基金
RPV,108.85,87.68,48.18,-13.06,110.0,反彈,⏳ 觀望,指數基金
RRC,42.22,86.56,80.7,-32.45,38.0,牛勢,⏳ 觀望,能源
RRX,213.28,66.57,61.13,-44.95,170.0,牛勢,⏳ 觀望,工業
RS,361.72,68.14,70.56,-25.28,250.0,牛勢,⏳ 觀望,Basic Materials
RSP,201.72,64.1,58.27,-12.03,202.5,反彈,⏳ 觀望,指數基金
RSPH,30.09,29.5,81.92,-16.23,24.0,止跌回升,⏳ 觀望,指數基金
RSPN,58.37,99.26,99.26,-15.42,62.0,反彈,⏳ 觀望,指數基金
RSPS,29.65,62.56,0.0,-13.28,32.0,止跌回升,⏳ 觀望,指數基金
RSPT,52.76,74.11,64.0,-20.76,39.0,牛勢,⏳ 觀望,指數基金
RSSL,107.46,71.75,0.0,-19.29,89.0,逆轉,⏳ 觀望,指數基金
RSVR,10.13,73.74,0.0,-31.96,7.5,牛勢,⏳ 觀望,通訊
RTO,33.54,87.76,75.2,-29.95,22.5,逆轉,⏳ 觀望,工業
RVTY,87.25,80.82,80.66,-37.12,80.0,反彈,⏳ 觀望,醫療
RWO,44.71,21.48,94.84,-12.52,39.0,反彈,⏳ 觀望,指數基金
RWR,107.9,69.15,61.46,-13.53,110.0,反彈,⏳ 觀望,指數基金
RXO,19.42,67.76,70.54,-68.74,17.5,牛勢,⏳ 觀望,工業
RY,176.6,59.37,69.28,-14.59,155.0,逆轉,⏳ 觀望,金融
RYAN,34.76,51.76,66.27,-35.76,35.0,逆轉,⏳ 觀望,金融
RYN,21.4,73.61,68.45,-25.65,20.0,逆轉,⏳ 觀望,房地產
RYTM,83.7,64.56,56.27,-52.74,80.0,逆轉,⏳ 觀望,醫療
SAFT,76.43,63.35,0.0,-19.31,75.0,反彈,⏳ 觀望,金融
SAIA,444.21,60.39,54.19,-47.37,360.0,牛勢,⏳ 觀望,工業
SAIC,93.8,79.31,70.65,-39.17,85.0,逆轉,⏳ 觀望,科技
SAM,240.45,70.87,75.47,-33.84,250.0,逆轉,⏳ 觀望,Consumer Defensive
SAN,12.1,79.65,68.4,-31.61,9.0,逆轉,⏳ 觀望,金融
SANM,215.5,61.64,62.1,-63.07,125.0,牛勢,⏳ 觀望,科技
SAPH,0.0,88.16,0.0,-32.11,21.0,反彈,⏳ 觀望,指數基金
SBAC,215.12,60.28,45.31,-30.88,200.0,牛勢,⏳ 觀望,Real Estate
SBIO,55.79,45.4,95.69,-29.71,55.0,逆轉,⏳ 觀望,指數基金
SBRA,20.28,70.02,65.06,-19.77,17.5,逆轉,⏳ 觀望,房地產
SCHB,27.6,59.66,62.99,-12.5,25.0,逆轉,⏳ 觀望,指數基金
SCHD,31.13,73.39,66.19,-11.32,30.0,反彈,⏳ 觀望,指數基金
SCHF,26.27,61.84,58.91,-14.63,25.0,反彈,⏳ 觀望,指數基金
SCHH,22.97,65.73,65.28,-13.2,20.0,逆轉,⏳ 觀望,指數基金
SCHI,22.82,79.91,64.95,-4.03,23.0,止跌回升,⏳ 觀望,指數基金
SCHJ,24.85,63.64,78.78,-1.56,20.0,止跌回升,⏳ 觀望,指數基金
SCHK,34.43,61.33,61.31,-12.49,31.0,逆轉,⏳ 觀望,指數基金
SCHL,40.73,74.45,61.51,-43.92,30.0,牛勢,⏳ 觀望,通訊
SCHM,33.76,60.74,53.01,-15.76,29.0,逆轉,⏳ 觀望,指數基金
SCHO,24.28,63.79,66.25,-1.13,22.0,止跌回升,⏳ 觀望,指數基金
SCHR,24.9,70.11,68.68,-3.48,16.0,止跌回升,⏳ 觀望,指數基金
SCHX,28.17,62.76,65.36,-12.46,25.0,逆轉,⏳ 觀望,指數基金
SCHY,32.14,57.73,67.33,-11.2,29.0,反彈,⏳ 觀望,指數基金
SCI,86.29,84.59,76.88,-20.56,77.5,逆轉,⏳ 觀望,消費
SCJ,102.22,62.71,0.0,-15.64,95.0,反彈,⏳ 觀望,指數基金
SCL,52.66,76.07,0.0,-38.58,40.0,逆轉,⏳ 觀望,Basic Materials
SCSC,40.43,67.46,0.0,-37.37,40.0,牛勢,⏳ 觀望,科技
SCVL,18.9,64.84,56.63,-48.4,15.0,牛勢,⏳ 觀望,消費
SCZ,82.95,66.76,62.64,-13.71,76.0,反彈,⏳ 觀望,指數基金
SDCI,28.06,70.63,75.5,-16.54,26.0,牛勢,⏳ 觀望,指數基金
SDS,62.4,68.22,62.53,-24.62,12.0,止跌回升,⏳ 觀望,指數基金
SDVY,42.44,81.41,63.57,-15.72,45.0,逆轉,⏳ 觀望,指數基金
SEDG,47.24,63.96,64.04,-104.95,35.0,牛勢,⏳ 觀望,科技
SEG,22.73,82.85,0.0,-36.55,22.5,牛勢,⏳ 觀望,房地產
SEIC,91.07,52.97,62.49,-22.05,85.0,牛勢,⏳ 觀望,金融
SERV,9.88,64.52,59.12,-93.85,9.0,牛勢,⏳ 觀望,工業
SEZL,79.85,66.99,68.12,-94.62,50.0,牛勢,⏳ 觀望,金融
SFBS,79.73,70.64,58.25,-31.7,55.0,逆轉,⏳ 觀望,金融
SFD,28.73,59.11,63.7,-26.15,22.5,牛勢,⏳ 觀望,Consumer Defensive
SFM,72.3,55.57,64.29,-44.68,65.0,逆轉,⏳ 觀望,Consumer Defensive
SGC,11.74,62.42,0.0,-40.72,7.5,牛勢,⏳ 觀望,消費
SGDM,76.27,64.86,0.0,-44.86,72.0,逆轉,⏳ 觀望,指數基金
SHC,15.59,57.1,66.43,-37.11,15.0,牛勢,⏳ 觀望,醫療
SHEN,16.19,64.74,61.82,-40.08,10.0,牛勢,🎯 進攻獵人 (BC),通訊
SHLS,7.81,69.44,49.74,-89.26,5.0,牛勢,⏳ 觀望,科技
SHOP,124.0,61.5,43.57,-53.4,100.0,牛勢,⏳ 觀望,科技
SHV,110.36,76.79,47.23,-0.17,111.0,止跌回升,⏳ 觀望,指數基金
SHW,336.31,62.48,57.94,-23.88,310.0,逆轉,⏳ 觀望,原物料
SHYG,42.72,62.35,59.18,-3.24,41.0,止跌回升,⏳ 觀望,指數基金
SIBN,13.15,84.3,67.96,-47.06,10.0,逆轉,⏳ 觀望,醫療
SIGI,85.27,73.58,72.46,-30.5,70.0,逆轉,⏳ 觀望,金融
SII,129.87,66.54,69.0,-39.46,100.0,逆轉,⏳ 觀望,金融
SION,39.24,42.53,61.5,-80.33,30.0,牛勢,⏳ 觀望,醫療
SIVR,71.78,67.17,58.89,-59.77,68.0,反彈,⏳ 觀望,指數基金
SIXG,81.32,71.13,0.0,-23.7,67.0,牛勢,⏳ 觀望,指數基金
SIZE,169.32,76.9,0.0,-12.92,105.0,反彈,⏳ 觀望,指數基金
SJNK,25.22,66.49,68.76,-3.3,23.0,止跌回升,⏳ 觀望,指數基金
SKM,37.29,64.88,74.06,-31.88,22.5,牛勢,⏳ 觀望,通訊
SKT,36.77,53.11,63.7,-22.32,32.0,逆轉,⏳ 觀望,房地產
SKWD,45.28,59.27,64.76,-33.84,45.0,逆轉,⏳ 觀望,金融
SKYW,83.6,65.03,62.49,-34.88,115.0,止跌回升,⏳ 觀望,工業
SLB,55.17,63.3,56.13,-32.84,35.0,牛勢,⏳ 觀望,能源
SLF,70.72,56.65,71.77,-19.38,60.0,逆轉,⏳ 觀望,金融
SLM,23.46,59.5,60.97,-38.15,21.0,牛勢,⏳ 觀望,金融
SLP,14.6,54.38,62.63,-65.47,10.0,牛勢,⏳ 觀望,醫療
SLRC,15.46,77.7,51.16,-18.9,12.5,逆轉,⏳ 觀望,金融
SLS,4.91,56.08,63.62,-88.25,9.5,牛勢,⏳ 觀望,醫療
SLYG,107.07,40.19,61.17,-17.64,90.0,逆轉,⏳ 觀望,指數基金
SLYV,102.43,53.21,71.01,-18.86,94.0,逆轉,⏳ 觀望,指數基金
SM,29.07,61.41,61.23,-49.1,25.0,牛勢,⏳ 觀望,能源
SMBC,67.42,64.45,0.0,-25.51,30.0,逆轉,⏳ 觀望,金融
SMG,67.7,68.09,58.28,-35.96,47.5,逆轉,⏳ 觀望,Basic Materials
SMHX,50.74,69.1,0.0,-31.13,37.0,牛勢,⏳ 觀望,指數基金
SMIN,66.7,65.25,63.2,-18.6,64.59,逆轉,⏳ 觀望,指數基金
SMLF,82.33,66.03,53.72,-17.41,81.0,逆轉,⏳ 觀望,指數基金
SMN,10.64,75.86,0.0,-32.54,11.0,反彈,⏳ 觀望,指數基金
SMP,37.52,63.21,0.0,-32.43,30.0,逆轉,⏳ 觀望,消費
SN,116.8,66.3,63.93,-42.06,120.0,牛勢,⏳ 觀望,消費
SNA,384.45,62.66,73.13,-20.43,390.0,反彈,⏳ 觀望,工業
SNDR,30.95,62.79,59.25,-36.69,17.5,牛勢,⏳ 觀望,工業
SNDX,20.99,63.21,59.11,-63.08,18.0,逆轉,⏳ 觀望,醫療
SNEX,106.16,64.6,54.56,-39.55,96.67,牛勢,⏳ 觀望,金融
SNN,32.1,56.72,64.26,-28.44,35.0,止跌回升,⏳ 觀望,醫療
SNPE,65.46,97.12,86.85,-12.4,52.0,逆轉,⏳ 觀望,指數基金
SNPS,499.33,63.21,55.39,-61.74,400.0,牛勢,⏳ 觀望,科技
SO,93.85,60.48,62.37,-15.74,92.0,反彈,⏳ 觀望,公用事業
SOC,13.6,70.81,67.25,-136.55,17.5,牛勢,⏳ 觀望,能源
SOHU,15.62,62.17,10.33,-35.99,12.5,反彈,⏳ 觀望,通訊
SOLV,69.79,82.27,80.54,-27.78,65.0,逆轉,⏳ 觀望,醫療
SON,50.25,68.21,72.17,-33.93,45.0,反彈,⏳ 觀望,消費
SONO,14.63,63.11,65.36,-41.79,12.5,逆轉,⏳ 觀望,科技
SOXL,122.09,60.44,54.63,-95.39,99.0,牛勢,⏳ 觀望,指數基金
SOYB,24.66,74.27,68.39,-12.94,21.0,逆轉,⏳ 觀望,指數基金
SPB,83.92,68.42,61.46,-35.57,60.0,牛勢,⏳ 觀望,Consumer Defensive
SPBC,44.64,66.42,0.0,-14.75,38.0,逆轉,⏳ 觀望,指數基金
SPCE,2.52,66.97,59.82,-81.99,1.5,逆轉,⏳ 觀望,工業
SPGM,82.58,71.83,71.21,-12.73,71.0,逆轉,⏳ 觀望,指數基金
SPHB,134.22,79.36,54.17,-22.06,130.0,牛勢,⏳ 觀望,指數基金
SPHR,133.99,61.68,52.11,-49.39,90.0,牛勢,⏳ 觀望,通訊
SPHY,23.58,65.74,65.73,-3.66,23.0,止跌回升,⏳ 觀望,指數基金
SPIB,33.3,81.79,79.27,-2.81,25.0,止跌回升,⏳ 觀望,指數基金
SPIP,26.23,67.14,81.38,-3.69,26.0,止跌回升,⏳ 觀望,指數基金
SPMD,62.69,72.85,67.44,-15.81,60.0,逆轉,⏳ 觀望,指數基金
SPMO,132.15,65.49,64.93,-16.6,123.0,牛勢,⏳ 觀望,指數基金
SPNT,23.76,63.42,45.0,-28.63,20.0,牛勢,⏳ 觀望,金融
SPRX,43.86,68.55,0.0,-41.66,40.0,牛勢,⏳ 觀望,指數基金
SPSB,30.08,70.15,64.19,-1.3,31.0,止跌回升,⏳ 觀望,指數基金
SPSM,53.1,65.84,58.01,-17.77,47.0,逆轉,⏳ 觀望,指數基金
SPTI,28.76,68.37,66.99,-3.46,28.0,止跌回升,⏳ 觀望,指數基金
SPTL,26.21,94.82,73.62,-9.14,26.0,止跌回升,⏳ 觀望,指數基金
SPTS,29.1,39.78,66.55,-1.31,20.0,止跌回升,⏳ 觀望,指數基金
SPVM,71.8,73.82,0.0,-12.01,58.0,反彈,⏳ 觀望,指數基金
SPXC,222.49,66.75,70.45,-34.19,180.0,牛勢,⏳ 觀望,工業
SPXS,30.47,60.34,55.64,-37.13,20.0,止跌回升,⏳ 觀望,指數基金
SPXU,42.71,68.01,58.83,-36.94,10.0,止跌回升,⏳ 觀望,指數基金
SPYD,46.02,51.03,67.49,-11.96,42.0,反彈,⏳ 觀望,指數基金
SPYG,112.92,65.93,68.27,-16.26,98.0,逆轉,⏳ 觀望,指數基金
SPYH,55.2,69.2,0.0,-8.1,45.0,反彈,⏳ 觀望,指數基金
SPYI,52.27,47.55,64.67,-9.9,50.0,逆轉,⏳ 觀望,指數基金
SPYM,84.16,60.58,61.0,-12.25,77.0,逆轉,⏳ 觀望,EQUITY
SPYT,17.44,84.56,84.56,-11.37,16.0,逆轉,⏳ 觀望,指數基金
SPYX,58.48,78.37,4.39,-12.51,58.0,逆轉,⏳ 觀望,指數基金
SR,90.84,65.91,62.48,-17.86,65.0,逆轉,⏳ 觀望,公用事業
SRCE,73.18,78.27,0.0,-21.64,65.0,逆轉,⏳ 觀望,金融
SRET,22.78,30.16,94.44,-11.05,14.0,逆轉,⏳ 觀望,指數基金
SRLN,40.53,64.99,42.19,-2.89,39.0,止跌回升,⏳ 觀望,指數基金
SSB,97.89,59.71,66.59,-24.93,90.0,逆轉,⏳ 觀望,金融
SSG,16.92,60.34,56.63,-61.23,20.0,反彈,⏳ 觀望,指數基金
ST,42.32,76.82,49.84,-38.81,37.5,牛勢,⏳ 觀望,科技
STBA,44.1,65.6,0.0,-23.59,20.0,逆轉,⏳ 觀望,金融
STCE,65.36,55.91,94.2,-59.95,68.0,牛勢,⏳ 觀望,指數基金
STE,220.4,69.74,53.97,-23.85,210.0,反彈,⏳ 觀望,醫療
STEP,49.9,45.51,65.75,-42.11,50.0,牛勢,⏳ 觀望,金融
STEX,1.0,64.45,65.63,-136.19,0.5,逆轉,⏳ 觀望,金融
STHH,100.16,86.37,0.0,-45.97,80.0,牛勢,⏳ 觀望,指數基金
STN,88.6,64.29,0.0,-25.35,70.0,反彈,⏳ 觀望,工業
STNE,11.98,52.14,60.24,-50.1,9.47,逆轉,⏳ 觀望,科技
STNG,79.09,62.16,59.68,-37.84,67.5,牛勢,⏳ 觀望,能源
STOK,33.73,65.39,69.57,-64.22,30.0,逆轉,⏳ 觀望,醫療
STPZ,54.4,41.33,99.19,-2.03,53.0,止跌回升,⏳ 觀望,指數基金
STRF,100.48,66.86,39.02,-25.42,90.0,逆轉,⏳ 觀望,科技
STRL,505.38,77.03,68.72,-56.72,360.0,牛勢,⏳ 觀望,工業
STRO,33.75,63.97,46.85,-88.95,12.5,牛勢,⏳ 觀望,醫療
STRV,46.0,84.81,0.0,-12.94,40.0,逆轉,⏳ 觀望,指數基金
SUI,127.6,66.93,53.1,-20.03,115.0,逆轉,⏳ 觀望,Real Estate
SUIG,1.54,77.81,53.92,-152.75,7.5,牛勢,⏳ 觀望,金融
SVXY,50.58,58.27,61.35,-29.98,20.0,逆轉,⏳ 觀望,指數基金
SWK,79.83,67.57,66.64,-39.58,72.5,牛勢,⏳ 觀望,工業
SWKS,62.65,78.42,71.13,-33.42,50.0,牛勢,⏳ 觀望,科技
SXI,269.3,69.46,69.46,-34.14,300.0,逆轉,⏳ 觀望,工業
SXT,124.65,65.93,52.67,-35.14,95.0,牛勢,⏳ 觀望,Basic Materials
SYBT,70.54,70.44,0.0,-26.48,65.0,逆轉,⏳ 觀望,金融
SYF,76.82,41.32,61.73,-30.2,72.5,牛勢,⏳ 觀望,金融
SYM,59.68,61.95,59.01,-86.83,47.5,牛勢,⏳ 觀望,工業
SYNA,91.74,67.77,64.21,-44.78,60.0,牛勢,⏳ 觀望,科技
SYRE,71.91,69.42,61.68,-66.24,55.0,牛勢,⏳ 觀望,醫療
T,25.55,63.7,57.78,-21.59,25.0,反彈,⏳ 觀望,通訊
TALO,15.18,67.85,62.73,-48.64,12.5,牛勢,⏳ 觀望,能源
TAN,58.71,73.4,71.86,-36.8,48.0,逆轉,⏳ 觀望,指數基金
TBIL,49.94,63.97,58.84,-0.39,50.0,止跌回升,⏳ 觀望,指數基金
TCBI,100.29,76.4,68.15,-28.94,100.0,逆轉,⏳ 觀望,金融
TCBK,50.73,50.53,89.88,-23.58,25.0,逆轉,⏳ 觀望,金融
TCMD,24.24,62.46,52.82,-68.2,22.5,止跌回升,⏳ 觀望,醫療
TCOM,53.23,44.93,68.46,-37.18,50.0,反彈,⏳ 觀望,消費
TD,105.66,64.36,59.39,-15.76,90.0,逆轉,⏳ 觀望,金融
TDAY,7.17,64.71,58.72,-47.06,6.0,牛勢,⏳ 觀望,通訊
TDC,26.45,83.07,78.65,-53.54,22.5,逆轉,⏳ 觀望,科技
TDW,91.85,76.36,71.1,-52.22,65.0,牛勢,⏳ 觀望,能源
TE,5.35,56.41,62.28,-115.89,4.5,牛勢,⏳ 觀望,工業
TECX,28.83,68.13,75.61,-84.36,5.0,牛勢,⏳ 觀望,醫療
TEK,33.09,75.32,0.0,-24.04,23.0,牛勢,⏳ 觀望,指數基金
TESL,13.43,85.02,0.0,-51.55,12.0,逆轉,⏳ 觀望,指數基金
TEVA,31.27,60.33,47.05,-38.37,26.0,逆轉,⏳ 觀望,醫療
TEX,62.67,71.51,71.69,-47.55,60.0,逆轉,⏳ 觀望,工業
TFC,51.25,77.26,70.27,-22.92,42.5,牛勢,⏳ 觀望,金融
TFI,45.74,63.95,33.07,-2.82,45.0,止跌回升,⏳ 觀望,指數基金
TFII,141.0,74.84,61.83,-36.51,120.0,牛勢,⏳ 觀望,工業
TFIN,68.4,66.73,48.39,-45.37,55.0,牛勢,⏳ 觀望,金融
TFSL,14.97,64.17,68.3,-21.75,25.0,逆轉,⏳ 觀望,金融
TG,9.37,60.64,0.0,-41.49,2.5,牛勢,⏳ 觀望,工業
THD,68.59,12.81,72.78,-22.14,70.0,逆轉,⏳ 觀望,指數基金
THO,78.66,79.07,74.78,-36.61,75.0,反彈,⏳ 觀望,消費
THRO,38.68,65.81,78.93,-13.12,28.0,逆轉,⏳ 觀望,指數基金
TIGO,82.86,77.86,70.49,-33.93,65.0,牛勢,⏳ 觀望,通訊
TIMB,25.86,65.56,50.09,-30.37,25.0,反彈,⏳ 觀望,通訊
TIP,111.81,65.78,59.75,-3.56,109.0,止跌回升,⏳ 觀望,指數基金
TIPX,19.36,79.45,79.66,-2.68,21.0,止跌回升,⏳ 觀望,指數基金
TKO,186.19,75.19,69.21,-30.51,170.0,止跌回升,⏳ 觀望,通訊
TLH,100.58,64.82,65.99,-8.15,97.0,止跌回升,⏳ 觀望,指數基金
TM,192.22,65.85,62.99,-28.47,190.0,止跌回升,⏳ 觀望,消費
TMDX,108.18,65.95,59.68,-54.1,105.0,逆轉,⏳ 觀望,醫療
TMFC,73.98,77.75,0.0,-14.02,70.0,逆轉,⏳ 觀望,指數基金
TMHC,63.24,52.83,62.83,-32.0,55.0,逆轉,⏳ 觀望,消費
TMP,84.57,75.78,0.0,-28.47,55.0,逆轉,⏳ 觀望,金融
TNDM,19.82,60.21,56.89,-73.01,22.0,逆轉,⏳ 觀望,醫療
TNET,40.32,66.66,49.63,-42.57,35.0,牛勢,⏳ 觀望,工業
TNL,65.36,78.06,64.42,-35.7,60.0,止跌回升,⏳ 觀望,消費
TNXP,12.85,73.72,54.11,-92.27,12.5,逆轉,⏳ 觀望,醫療
TOTL,39.66,58.98,64.44,-3.31,39.0,止跌回升,⏳ 觀望,指數基金
TOWN,35.77,76.4,60.4,-22.5,25.0,逆轉,⏳ 觀望,金融
TPB,79.92,63.39,48.53,-55.4,85.0,牛勢,⏳ 觀望,防禦性消費
TPL,436.85,66.29,70.69,-46.05,400.0,牛勢,⏳ 觀望,能源
TR,41.7,60.38,0.0,-25.35,37.5,逆轉,⏳ 觀望,Consumer Defensive
TRC,20.17,61.9,0.0,-23.06,12.5,牛勢,⏳ 觀望,工業
TRGP,241.31,60.72,46.44,-26.94,230.0,牛勢,⏳ 觀望,能源
TRI,88.99,81.36,79.06,-37.91,75.0,逆轉,⏳ 觀望,工業
TRIP,11.2,39.54,60.12,-52.61,8.0,牛勢,⏳ 觀望,消費
TRMB,66.43,66.38,63.75,-26.97,55.0,反彈,⏳ 觀望,科技
TRN,31.73,66.84,73.71,-30.75,24.0,逆轉,⏳ 觀望,工業
TROW,101.36,74.55,70.37,-24.14,85.0,逆轉,⏳ 觀望,金融
TRP,61.91,60.19,49.92,-17.41,57.5,反彈,⏳ 觀望,能源
TRST,47.0,75.95,0.0,-24.39,25.0,逆轉,⏳ 觀望,金融
TRV,303.7,64.24,54.0,-18.1,270.0,逆轉,⏳ 觀望,金融
TS,63.19,77.44,61.61,-27.1,52.5,牛勢,⏳ 觀望,能源
TSL,14.67,68.24,72.6,-58.92,14.0,逆轉,⏳ 觀望,指數基金
TSLA,377.45,60.99,63.56,-47.1,350.0,逆轉,⏳ 觀望,消費
TSLR,20.88,62.86,63.89,-95.04,19.0,牛勢,⏳ 觀望,指數基金
TSLT,17.13,64.25,57.52,-94.76,12.0,牛勢,⏳ 觀望,指數基金
TSLW,22.87,66.01,61.88,-56.49,22.0,逆轉,⏳ 觀望,指數基金
TSLX,18.81,61.79,61.6,-21.76,17.5,逆轉,⏳ 觀望,金融
TSLY,29.2,64.4,56.14,-38.68,20.0,逆轉,⏳ 觀望,指數基金
TSPY,25.24,71.83,64.76,-12.16,22.0,逆轉,⏳ 觀望,指數基金
TSSI,15.09,63.92,47.07,-128.25,14.5,牛勢,⏳ 觀望,科技
TT,485.92,65.21,56.53,-26.96,390.0,牛勢,⏳ 觀望,工業
TTE,88.75,63.84,60.28,-22.66,67.5,牛勢,⏳ 觀望,能源
TTEK,31.54,61.6,63.77,-35.05,30.0,反彈,⏳ 觀望,工業
TU,12.16,79.0,67.89,-19.0,12.5,反彈,⏳ 觀望,通訊
TUR,43.0,79.43,78.01,-21.99,30.0,逆轉,⏳ 觀望,指數基金
TUSK,2.64,51.48,62.53,-57.67,7.5,牛勢,⏳ 觀望,工業
TUYA,2.35,62.18,35.92,-48.21,2.0,逆轉,⏳ 觀望,科技
TVTX,40.81,69.22,57.72,-71.32,37.5,牛勢,⏳ 觀望,醫療
TWM,24.85,66.88,63.09,-38.47,38.0,止跌回升,⏳ 觀望,指數基金
TXG,22.35,78.32,64.5,-65.22,12.5,牛勢,⏳ 觀望,醫療
TXT,89.12,56.6,62.99,-24.39,110.0,止跌回升,⏳ 觀望,工業
UAN,135.0,69.01,0.0,-37.88,190.0,牛勢,⏳ 觀望,Basic Materials
UBOT,27.6,62.37,0.0,-46.04,24.0,牛勢,⏳ 觀望,指數基金
UBSI,44.0,85.84,68.67,-23.54,25.0,逆轉,⏳ 觀望,金融
UCB,33.69,41.92,65.3,-25.6,40.0,逆轉,⏳ 觀望,金融
UCTT,81.1,68.29,50.5,-66.55,70.0,牛勢,⏳ 觀望,科技
UE,21.7,77.29,62.79,-19.65,17.5,逆轉,⏳ 觀望,Real Estate
UEC,15.4,64.18,51.9,-73.53,13.0,牛勢,⏳ 觀望,能源
UFPT,200.26,76.91,75.5,-43.8,180.0,反彈,⏳ 觀望,醫療
UGE,18.9,93.22,47.58,-24.54,20.0,反彈,⏳ 觀望,指數基金
UHS,184.0,72.9,58.83,-31.97,165.0,逆轉,⏳ 觀望,醫療
ULS,88.57,61.0,56.1,-38.77,90.0,牛勢,⏳ 觀望,工業
ULTA,540.0,70.01,65.84,-34.25,530.0,反彈,⏳ 觀望,消費
UMAC,14.88,60.26,44.57,-120.85,13.0,牛勢,⏳ 觀望,科技
UMBF,124.14,75.44,74.91,-27.32,125.0,逆轉,⏳ 觀望,金融
UMDD,32.5,67.1,0.0,-47.29,23.0,牛勢,⏳ 觀望,指數基金
UMH,15.52,70.93,64.17,-18.86,12.5,逆轉,⏳ 觀望,房地產
UNFI,48.15,61.24,54.72,-48.49,43.0,牛勢,⏳ 觀望,Consumer Defensive
UNIT,11.8,55.26,62.96,-53.32,7.0,牛勢,⏳ 觀望,Real Estate
UNL,6.48,23.69,91.56,-37.07,1.0,止跌回升,⏳ 觀望,指數基金
UNP,268.95,60.75,55.95,-21.07,220.0,逆轉,⏳ 觀望,工業
UPB,9.29,71.56,64.74,-102.98,7.5,牛勢,⏳ 觀望,醫療
UPBD,19.16,67.99,57.82,-50.52,15.0,逆轉,⏳ 觀望,科技
UPV,95.55,77.44,0.0,-28.16,101.0,逆轉,⏳ 觀望,指數基金
UPWK,10.66,50.76,71.39,-57.05,10.0,反彈,⏳ 觀望,通訊
URBN,72.35,78.34,71.18,-48.23,79.0,牛勢,⏳ 觀望,消費
URGN,23.77,74.14,52.77,-112.76,21.0,牛勢,⏳ 觀望,醫療
URI,960.0,59.53,61.42,-40.07,830.0,牛勢,⏳ 觀望,工業
URTH,195.44,63.39,78.61,-12.02,173.0,逆轉,⏳ 觀望,指數基金
URTY,70.98,69.86,69.29,-56.89,60.0,牛勢,⏳ 觀望,指數基金
USAS,5.91,60.59,58.9,-82.69,1.0,牛勢,⏳ 觀望,Basic Materials
USB,56.01,58.35,60.61,-21.88,50.0,逆轉,⏳ 觀望,金融
USHY,37.23,81.61,73.85,-3.76,36.0,止跌回升,⏳ 觀望,指數基金
USIG,51.56,72.92,60.11,-4.17,50.0,止跌回升,⏳ 觀望,指數基金
USLM,129.01,77.85,0.0,-36.65,125.0,牛勢,⏳ 觀望,Basic Materials
USMC,66.34,43.78,78.78,-12.36,57.0,逆轉,⏳ 觀望,指數基金
USPX,59.03,89.89,0.0,-12.42,49.0,逆轉,⏳ 觀望,指數基金
USRT,63.01,75.82,51.29,-13.35,60.0,逆轉,⏳ 觀望,指數基金
UTES,83.74,75.61,66.74,-20.02,75.0,逆轉,⏳ 觀望,指數基金
UTHY,40.88,65.11,0.0,-9.66,39.0,止跌回升,⏳ 觀望,指數基金
UTI,36.17,72.21,65.84,-54.2,30.0,牛勢,⏳ 觀望,Consumer Defensive
UTWO,48.54,35.09,70.4,-1.3,38.0,止跌回升,⏳ 觀望,指數基金
UUUU,21.27,60.05,56.61,-91.76,10.0,牛勢,🎯 進攻獵人 (BC),能源
UVV,53.61,53.57,71.54,-24.71,50.0,反彈,⏳ 觀望,Consumer Defensive
UWM,57.77,80.25,68.76,-37.75,56.0,牛勢,⏳ 觀望,指數基金
VAC,72.36,72.46,72.65,-54.46,50.0,牛勢,⏳ 觀望,消費
VB,283.58,71.92,54.1,-16.56,275.0,逆轉,⏳ 觀望,指數基金
VC,112.95,66.61,72.17,-36.02,120.0,牛勢,⏳ 觀望,消費
VCLT,74.96,49.97,64.46,-8.15,72.0,止跌回升,⏳ 觀望,指數基金
VCRB,76.21,79.67,72.11,-3.69,69.0,止跌回升,⏳ 觀望,指數基金
VCSH,79.45,71.9,67.72,-1.88,78.0,止跌回升,⏳ 觀望,指數基金
VCTR,76.17,63.47,72.13,-30.09,60.0,牛勢,⏳ 觀望,金融
VCYT,33.85,75.49,71.36,-51.06,25.0,逆轉,⏳ 觀望,醫療
VECO,49.75,75.78,70.34,-49.28,38.0,牛勢,⏳ 觀望,科技
VEL,19.37,63.17,0.0,-24.67,17.5,逆轉,⏳ 觀望,金融
VEU,80.22,74.02,43.72,-14.18,78.0,逆轉,⏳ 觀望,指數基金
VFMF,163.74,82.15,0.0,-13.36,80.0,逆轉,⏳ 觀望,指數基金
VFMO,221.21,85.02,0.0,-20.53,190.0,逆轉,⏳ 觀望,指數基金
VGIT,59.51,91.63,76.49,-3.45,59.0,止跌回升,⏳ 觀望,指數基金
VGSH,58.51,73.05,60.67,-1.3,58.0,止跌回升,⏳ 觀望,指數基金
VIK,81.0,68.99,58.56,-36.18,65.0,牛勢,⏳ 觀望,消費
VIS,336.25,40.89,73.95,-15.99,325.0,逆轉,⏳ 觀望,指數基金
VIST,71.96,73.08,51.22,-48.17,45.0,牛勢,⏳ 觀望,能源
VITL,13.18,65.78,67.12,-51.98,15.0,逆轉,⏳ 觀望,防禦性消費
VLY,13.53,65.45,53.77,-28.33,8.0,逆轉,⏳ 觀望,金融
VNLA,49.17,60.94,74.08,-0.55,44.0,止跌回升,⏳ 觀望,指數基金
VNM,18.82,48.19,69.19,-26.29,17.0,逆轉,⏳ 觀望,指數基金
VNO,29.86,52.19,71.3,-31.81,24.0,牛勢,⏳ 觀望,房地產
VONV,99.19,90.82,59.99,-10.93,102.0,反彈,⏳ 觀望,指數基金
VOO,657.42,71.49,58.26,-12.27,585.0,逆轉,⏳ 觀望,指數基金
VOOG,78.39,64.9,62.86,-16.09,62.5,逆轉,⏳ 觀望,指數基金
VOT,283.14,54.35,63.88,-15.71,275.0,逆轉,⏳ 觀望,指數基金
VOX,195.8,52.1,61.47,-15.32,165.0,逆轉,⏳ 觀望,指數基金
VOXR,5.45,66.75,49.72,-52.91,5.0,逆轉,⏳ 觀望,原物料
VOYA,81.75,64.06,42.97,-28.81,65.0,牛勢,⏳ 觀望,金融
VPG,58.76,72.7,68.11,-54.42,45.0,牛勢,⏳ 觀望,科技
VPLS,78.33,82.7,74.48,-3.62,68.0,止跌回升,⏳ 觀望,指數基金
VREX,12.71,64.75,68.38,-52.13,10.0,牛勢,⏳ 觀望,醫療
VRSK,174.85,76.79,67.1,-29.09,145.0,逆轉,⏳ 觀望,工業
VRT,321.68,60.48,51.38,-54.88,220.0,牛勢,⏳ 觀望,工業
VSAT,58.66,65.26,62.97,-77.59,42.0,牛勢,⏳ 觀望,科技
VSCO,52.54,69.09,65.34,-58.88,50.0,牛勢,⏳ 觀望,消費
VSGX,72.62,76.21,50.16,-15.25,65.0,逆轉,⏳ 觀望,指數基金
VSTM,5.55,71.89,47.55,-79.52,5.0,逆轉,⏳ 觀望,醫療
VTC,77.48,74.99,45.93,-4.4,77.0,止跌回升,⏳ 觀望,指數基金
VTEC,99.71,62.56,59.39,-2.75,98.0,止跌回升,⏳ 觀望,指數基金
VTI,352.57,58.41,61.81,-12.6,320.0,逆轉,⏳ 觀望,指數基金
VTRS,14.81,81.82,68.78,-31.52,13.0,逆轉,⏳ 觀望,醫療
VTS,18.13,65.1,58.15,-33.93,17.5,反彈,⏳ 觀望,能源
VTWO,111.98,55.82,63.03,-19.0,102.0,逆轉,⏳ 觀望,指數基金
VWO,58.71,62.5,65.68,-15.23,54.0,逆轉,⏳ 觀望,指數基金
VWOB,67.22,60.54,55.88,-4.92,64.0,止跌回升,⏳ 觀望,指數基金
VXUS,82.5,65.28,54.41,-14.15,80.0,逆轉,⏳ 觀望,指數基金
VYX,6.99,80.25,79.79,-45.49,5.0,逆轉,⏳ 觀望,科技
VZ,47.1,72.18,64.28,-21.7,46.0,逆轉,⏳ 觀望,通訊
W,75.81,63.59,56.46,-63.25,75.0,逆轉,⏳ 觀望,消費
WAB,267.21,70.49,57.88,-22.76,200.0,逆轉,⏳ 觀望,工業
WASH,31.94,61.3,70.67,-34.47,20.0,反彈,⏳ 觀望,金融
WAY,25.71,56.64,61.81,-39.27,20.0,牛勢,⏳ 觀望,醫療
WDAY,117.68,59.31,63.8,-39.74,100.0,逆轉,⏳ 觀望,科技
WDC,401.92,63.83,52.36,-60.14,230.0,牛勢,⏳ 觀望,科技
WDFC,221.55,76.24,75.53,-25.93,200.0,逆轉,⏳ 觀望,Basic Materials
WDIV,78.0,72.94,0.0,-9.47,68.0,反彈,⏳ 觀望,指數基金
WEAT,23.7,81.81,57.86,-20.4,22.0,逆轉,⏳ 觀望,指數基金
WEC,115.15,73.29,66.67,-14.67,100.0,反彈,⏳ 觀望,公用事業
WERN,34.13,51.14,61.8,-39.92,30.0,牛勢,⏳ 觀望,工業
WFG,65.98,82.62,0.0,-30.19,55.0,逆轉,⏳ 觀望,Basic Materials
WFRD,110.62,69.64,48.02,-41.75,80.0,牛勢,⏳ 觀望,能源
WGO,32.51,60.43,64.75,-50.72,35.0,逆轉,⏳ 觀望,消費
WGS,66.22,59.26,68.37,-86.66,60.0,牛勢,⏳ 觀望,醫療
WHR,55.8,71.52,67.3,-43.12,50.0,逆轉,⏳ 觀望,消費
WING,177.78,63.17,56.97,-60.68,150.0,牛勢,⏳ 觀望,消費
WIP,40.92,60.27,95.55,-8.65,41.0,止跌回升,⏳ 觀望,指數基金
WIT,2.06,62.54,53.27,-31.21,2.0,止跌回升,⏳ 觀望,科技
WIX,76.44,58.83,64.26,-58.69,70.0,牛勢,⏳ 觀望,科技
WKC,26.26,91.39,62.47,-27.62,20.0,牛勢,⏳ 觀望,能源
WM,226.22,72.65,68.07,-18.16,220.0,反彈,⏳ 觀望,工業
WMG,28.67,61.17,44.58,-29.28,24.0,牛勢,⏳ 觀望,通訊
WMK,71.28,63.54,0.0,-27.37,65.0,逆轉,⏳ 觀望,防禦性消費
WMS,152.61,69.04,72.79,-38.44,150.0,逆轉,⏳ 觀望,工業
WOOF,2.96,61.55,56.21,-76.49,2.5,牛勢,⏳ 觀望,消費
WPC,72.42,63.41,66.2,-16.3,60.0,逆轉,⏳ 觀望,Real Estate
WPP,17.36,77.06,57.65,-47.48,15.0,逆轉,⏳ 觀望,通訊
WRBY,23.25,76.37,69.47,-66.8,20.0,逆轉,⏳ 觀望,醫療
WRD,8.16,61.8,54.65,-79.19,7.5,牛勢,⏳ 觀望,科技
WS,37.75,84.11,0.0,-47.73,30.0,牛勢,⏳ 觀望,Basic Materials
WSBF,17.93,64.97,0.0,-22.72,15.0,反彈,⏳ 觀望,金融
WSM,192.06,60.26,62.71,-33.48,180.0,逆轉,⏳ 觀望,消費
WSO,456.81,72.41,74.99,-31.16,350.0,牛勢,⏳ 觀望,工業
WTFC,147.91,72.61,66.25,-26.38,145.0,逆轉,⏳ 觀望,金融
WTMF,39.31,68.67,0.0,-8.56,38.0,反彈,⏳ 觀望,指數基金
WTS,303.87,78.26,76.27,-24.71,280.0,反彈,⏳ 觀望,工業
WTV,98.9,96.78,50.19,-12.33,95.0,反彈,⏳ 觀望,指數基金
WU,9.29,70.15,47.42,-29.44,8.0,牛勢,⏳ 觀望,金融
WY,25.02,60.44,47.1,-25.25,23.0,逆轉,⏳ 觀望,Real Estate
WYNN,105.53,72.99,74.23,-35.08,100.0,逆轉,⏳ 觀望,消費
XAIX,47.25,67.71,0.0,-18.73,44.0,牛勢,⏳ 觀望,指數基金
XBIL,50.14,70.67,46.91,-0.36,40.0,止跌回升,⏳ 觀望,指數基金
XCEM,43.85,65.7,49.1,-18.82,40.0,逆轉,⏳ 觀望,指數基金
XDTE,39.06,35.35,73.02,-11.5,37.0,逆轉,⏳ 觀望,指數基金
XES,127.49,95.42,60.62,-30.71,135.0,牛勢,⏳ 觀望,指數基金
XHB,107.83,69.16,62.82,-26.94,98.0,逆轉,⏳ 觀望,指數基金
XLB,51.78,73.21,60.52,-16.24,49.0,逆轉,⏳ 觀望,指數基金
XLC,115.71,77.49,72.72,-13.01,104.0,反彈,⏳ 觀望,指數基金
XLG,60.79,63.1,55.95,-13.83,63.0,逆轉,⏳ 觀望,指數基金
XLI,172.5,67.48,67.35,-14.98,162.0,逆轉,⏳ 觀望,指數基金
XLP,82.25,60.38,59.58,-12.33,80.0,止跌回升,⏳ 觀望,指數基金
XLRE,43.48,70.42,70.59,-13.49,35.0,反彈,⏳ 觀望,指數基金
XLSR,57.69,79.27,0.0,-12.6,50.0,逆轉,⏳ 觀望,指數基金
XLY,117.6,60.68,55.42,-18.54,102.5,逆轉,⏳ 觀望,指數基金
XMMO,159.78,65.16,74.05,-17.37,164.0,逆轉,⏳ 觀望,指數基金
XMTR,47.64,76.31,70.36,-80.13,35.0,牛勢,⏳ 觀望,工業
XNCR,13.09,78.05,58.3,-67.62,22.5,牛勢,⏳ 觀望,醫療
XNTK,309.68,76.05,0.0,-22.58,330.0,牛勢,⏳ 觀望,指數基金
XOMA,41.87,83.48,0.0,-56.96,22.5,牛勢,⏳ 觀望,醫療
XP,19.56,75.43,60.53,-43.96,18.0,逆轉,⏳ 觀望,金融
XPEL,46.5,75.3,0.0,-40.92,42.5,牛勢,⏳ 觀望,消費
XPH,57.93,84.83,0.0,-21.28,51.0,逆轉,⏳ 觀望,指數基金
XRT,85.24,66.97,75.27,-20.53,77.0,逆轉,⏳ 觀望,指數基金
XSD,464.25,42.55,66.99,-33.88,400.0,牛勢,⏳ 觀望,指數基金
XSMO,85.1,77.34,74.42,-17.91,83.0,逆轉,⏳ 觀望,指數基金
XTL,214.97,60.6,72.58,-27.5,195.0,牛勢,⏳ 觀望,指數基金
XVV,45.64,79.28,0.0,-13.11,39.0,逆轉,⏳ 觀望,指數基金
XXI,7.88,69.19,61.93,-106.26,7.5,牛勢,⏳ 觀望,金融
YBIT,24.45,71.87,0.0,-35.86,30.0,牛勢,⏳ 觀望,指數基金
YELP,29.1,70.42,77.1,-35.66,30.0,牛勢,⏳ 觀望,通訊
YETH,11.99,78.83,0.0,-56.49,15.0,牛勢,⏳ 觀望,指數基金
YETI,39.42,45.79,77.83,-41.76,40.0,逆轉,⏳ 觀望,消費
YUM,155.19,61.82,48.85,-20.73,150.0,止跌回升,⏳ 觀望,消費
YYY,11.5,77.05,67.29,-8.31,11.0,反彈,⏳ 觀望,指數基金
ZBIO,18.6,87.82,75.52,-124.96,17.5,逆轉,⏳ 觀望,醫療
ZBRA,221.24,76.46,64.19,-40.47,195.0,逆轉,⏳ 觀望,科技
ZD,48.21,75.99,68.79,-61.85,30.0,牛勢,⏳ 觀望,通訊
ZG,45.71,76.59,75.25,-42.91,40.0,逆轉,⏳ 觀望,通訊
ZLAB,21.99,89.62,71.4,-54.33,17.5,牛勢,⏳ 觀望,醫療
ZWS,52.8,52.43,63.11,-28.44,47.5,牛勢,⏳ 觀望,工業
